2026-03-11 02:03:54,054 [INFO] app - BUCKET_NAME loaded successfully: bkf4cy-ds5220-dp1-330468108744-us-east-1
2026-03-11 02:03:54,173 [INFO] uvicorn.error - Started server process [3125]
2026-03-11 02:03:54,174 [INFO] uvicorn.error - Waiting for application startup.
2026-03-11 02:03:54,175 [INFO] uvicorn.error - Application startup complete.
2026-03-11 02:03:54,177 [INFO] uvicorn.error - Uvicorn running on http://0.0.0.0:8000 (Press CTRL+C to quit)
2026-03-11 02:04:30,762 [INFO] app - Received request at /notify
2026-03-11 02:04:30,763 [INFO] app - Confirm SNS subscription: https://sns.us-east-1.amazonaws.com/?Action=ConfirmSubscription&TopicArn=arn:aws:sns:us-east-1:330468108744:bkf4cy-ds5220-dp1&Token=2336412f37fb687f5d51e6e2425929f52e8e345680dc22bc6bf195b4b23c3e8ec0b7392d22e473894e1dda64a8a39fbffcbc41625e5ce215a79c3ac3e6f684fa6998fd3376570cb6e24b95255442ba92080800def771489f50fa7faad1e53a0b87528a062d83313d3056d71cd1d158e65b2f6aa622fa95d3c43e6291b4c5a13f
2026-03-11 02:04:30,925 [INFO] app - SNS subscription confirmed
2026-03-11 02:12:31,811 [INFO] app - Received request at /notify
2026-03-11 02:12:31,811 [INFO] app - Received S3 file event for key: raw/sensors_20260311T021231.csv
2026-03-11 02:12:31,811 [INFO] app - Queue file for processing: raw/sensors_20260311T021231.csv
2026-03-11 02:12:31,819 [INFO] processor - Starting processing for s3://bkf4cy-ds5220-dp1-330468108744-us-east-1/raw/sensors_20260311T021231.csv
2026-03-11 02:12:31,914 [INFO] processor - Loaded 100 rows from raw/sensors_20260311T021231.csv
2026-03-11 02:12:31,914 [INFO] processor - Columns found: ['timestamp', 'temperature', 'humidity', 'pressure', 'wind_speed']
2026-03-11 02:12:31,999 [INFO] processor - Loaded current baseline
2026-03-11 02:12:32,001 [INFO] processor - Updated baseline for temperature with 100 value(s)
2026-03-11 02:12:32,001 [INFO] processor - Updated baseline for humidity with 100 value(s)
2026-03-11 02:12:32,002 [INFO] processor - Updated baseline for pressure with 100 value(s)
2026-03-11 02:12:32,002 [INFO] processor - Updated baseline for wind_speed with 100 value(s)
2026-03-11 02:12:32,191 [INFO] processor - Anomaly detection completed successfully.
2026-03-11 02:12:32,280 [INFO] processor - Saved updated baseline
2026-03-11 02:12:32,311 [INFO] processor - Uploaded log file to s3://bkf4cy-ds5220-dp1-330468108744-us-east-1/logs/app.log
2026-03-11 02:12:32,349 [INFO] processor - Wrote JSON summary to s3://bkf4cy-ds5220-dp1-330468108744-us-east-1/processed/sensors_20260311T021231_summary.json
2026-03-11 02:12:32,349 [INFO] processor - Finished processing raw/sensors_20260311T021231.csv: 6/100 anomalies flagged
2026-03-11 02:13:32,380 [INFO] app - Received request at /notify
2026-03-11 02:13:32,380 [INFO] app - Received S3 file event for key: raw/sensors_20260311T021331.csv
2026-03-11 02:13:32,381 [INFO] app - Queue file for processing: raw/sensors_20260311T021331.csv
2026-03-11 02:13:32,382 [INFO] processor - Starting processing for s3://bkf4cy-ds5220-dp1-330468108744-us-east-1/raw/sensors_20260311T021331.csv
2026-03-11 02:13:32,461 [INFO] processor - Loaded 100 rows from raw/sensors_20260311T021331.csv
2026-03-11 02:13:32,462 [INFO] processor - Columns found: ['timestamp', 'temperature', 'humidity', 'pressure', 'wind_speed']
2026-03-11 02:13:32,583 [INFO] processor - Loaded current baseline
2026-03-11 02:13:32,584 [INFO] processor - Updated baseline for temperature with 100 value(s)
2026-03-11 02:13:32,584 [INFO] processor - Updated baseline for humidity with 100 value(s)
2026-03-11 02:13:32,584 [INFO] processor - Updated baseline for pressure with 100 value(s)
2026-03-11 02:13:32,585 [INFO] processor - Updated baseline for wind_speed with 100 value(s)
2026-03-11 02:13:32,750 [INFO] processor - Anomaly detection completed successfully.
2026-03-11 02:13:32,817 [INFO] processor - Saved updated baseline
2026-03-11 02:13:32,851 [INFO] processor - Uploaded log file to s3://bkf4cy-ds5220-dp1-330468108744-us-east-1/logs/app.log
2026-03-11 02:13:32,881 [INFO] processor - Wrote JSON summary to s3://bkf4cy-ds5220-dp1-330468108744-us-east-1/processed/sensors_20260311T021331_summary.json
2026-03-11 02:13:32,882 [INFO] processor - Finished processing raw/sensors_20260311T021331.csv: 5/100 anomalies flagged
2026-03-11 02:14:31,806 [INFO] app - Received request at /notify
2026-03-11 02:14:31,806 [INFO] app - Received S3 file event for key: raw/sensors_20260311T021431.csv
2026-03-11 02:14:31,806 [INFO] app - Queue file for processing: raw/sensors_20260311T021431.csv
2026-03-11 02:14:31,808 [INFO] processor - Starting processing for s3://bkf4cy-ds5220-dp1-330468108744-us-east-1/raw/sensors_20260311T021431.csv
2026-03-11 02:14:31,879 [INFO] processor - Loaded 100 rows from raw/sensors_20260311T021431.csv
2026-03-11 02:14:31,879 [INFO] processor - Columns found: ['timestamp', 'temperature', 'humidity', 'pressure', 'wind_speed']
2026-03-11 02:14:31,991 [INFO] processor - Loaded current baseline
2026-03-11 02:14:31,992 [INFO] processor - Updated baseline for temperature with 100 value(s)
2026-03-11 02:14:31,992 [INFO] processor - Updated baseline for humidity with 100 value(s)
2026-03-11 02:14:31,992 [INFO] processor - Updated baseline for pressure with 100 value(s)
2026-03-11 02:14:31,993 [INFO] processor - Updated baseline for wind_speed with 100 value(s)
2026-03-11 02:14:32,167 [INFO] processor - Anomaly detection completed successfully.
2026-03-11 02:14:32,231 [INFO] processor - Saved updated baseline
2026-03-11 02:14:32,262 [INFO] processor - Uploaded log file to s3://bkf4cy-ds5220-dp1-330468108744-us-east-1/logs/app.log
2026-03-11 02:14:32,294 [INFO] processor - Wrote JSON summary to s3://bkf4cy-ds5220-dp1-330468108744-us-east-1/processed/sensors_20260311T021431_summary.json
2026-03-11 02:14:32,294 [INFO] processor - Finished processing raw/sensors_20260311T021431.csv: 5/100 anomalies flagged
2026-03-11 02:15:32,382 [INFO] app - Received request at /notify
2026-03-11 02:15:32,382 [INFO] app - Received S3 file event for key: raw/sensors_20260311T021531.csv
2026-03-11 02:15:32,383 [INFO] app - Queue file for processing: raw/sensors_20260311T021531.csv
2026-03-11 02:15:32,384 [INFO] processor - Starting processing for s3://bkf4cy-ds5220-dp1-330468108744-us-east-1/raw/sensors_20260311T021531.csv
2026-03-11 02:15:32,456 [INFO] processor - Loaded 100 rows from raw/sensors_20260311T021531.csv
2026-03-11 02:15:32,456 [INFO] processor - Columns found: ['timestamp', 'temperature', 'humidity', 'pressure', 'wind_speed']
2026-03-11 02:15:32,547 [INFO] processor - Loaded current baseline
2026-03-11 02:15:32,547 [INFO] processor - Updated baseline for temperature with 100 value(s)
2026-03-11 02:15:32,548 [INFO] processor - Updated baseline for humidity with 100 value(s)
2026-03-11 02:15:32,548 [INFO] processor - Updated baseline for pressure with 100 value(s)
2026-03-11 02:15:32,549 [INFO] processor - Updated baseline for wind_speed with 100 value(s)
2026-03-11 02:15:32,726 [INFO] processor - Anomaly detection completed successfully.
2026-03-11 02:15:32,784 [INFO] processor - Saved updated baseline
2026-03-11 02:15:32,818 [INFO] processor - Uploaded log file to s3://bkf4cy-ds5220-dp1-330468108744-us-east-1/logs/app.log
2026-03-11 02:15:32,847 [INFO] processor - Wrote JSON summary to s3://bkf4cy-ds5220-dp1-330468108744-us-east-1/processed/sensors_20260311T021531_summary.json
2026-03-11 02:15:32,847 [INFO] processor - Finished processing raw/sensors_20260311T021531.csv: 6/100 anomalies flagged
2026-03-11 02:16:32,603 [INFO] app - Received request at /notify
2026-03-11 02:16:32,604 [INFO] app - Received S3 file event for key: raw/sensors_20260311T021631.csv
2026-03-11 02:16:32,604 [INFO] app - Queue file for processing: raw/sensors_20260311T021631.csv
2026-03-11 02:16:32,605 [INFO] processor - Starting processing for s3://bkf4cy-ds5220-dp1-330468108744-us-east-1/raw/sensors_20260311T021631.csv
2026-03-11 02:16:32,718 [INFO] processor - Loaded 100 rows from raw/sensors_20260311T021631.csv
2026-03-11 02:16:32,718 [INFO] processor - Columns found: ['timestamp', 'temperature', 'humidity', 'pressure', 'wind_speed']
2026-03-11 02:16:32,828 [INFO] processor - Loaded current baseline
2026-03-11 02:16:32,829 [INFO] processor - Updated baseline for temperature with 100 value(s)
2026-03-11 02:16:32,829 [INFO] processor - Updated baseline for humidity with 100 value(s)
2026-03-11 02:16:32,830 [INFO] processor - Updated baseline for pressure with 100 value(s)
2026-03-11 02:16:32,830 [INFO] processor - Updated baseline for wind_speed with 100 value(s)
2026-03-11 02:16:33,007 [INFO] processor - Anomaly detection completed successfully.
2026-03-11 02:16:33,105 [INFO] processor - Saved updated baseline
2026-03-11 02:16:33,147 [INFO] processor - Uploaded log file to s3://bkf4cy-ds5220-dp1-330468108744-us-east-1/logs/app.log
2026-03-11 02:16:33,193 [INFO] processor - Wrote JSON summary to s3://bkf4cy-ds5220-dp1-330468108744-us-east-1/processed/sensors_20260311T021631_summary.json
2026-03-11 02:16:33,193 [INFO] processor - Finished processing raw/sensors_20260311T021631.csv: 5/100 anomalies flagged
2026-03-11 02:17:32,320 [INFO] app - Received request at /notify
2026-03-11 02:17:32,320 [INFO] app - Received S3 file event for key: raw/sensors_20260311T021731.csv
2026-03-11 02:17:32,320 [INFO] app - Queue file for processing: raw/sensors_20260311T021731.csv
2026-03-11 02:17:32,321 [INFO] processor - Starting processing for s3://bkf4cy-ds5220-dp1-330468108744-us-east-1/raw/sensors_20260311T021731.csv
2026-03-11 02:17:32,398 [INFO] processor - Loaded 100 rows from raw/sensors_20260311T021731.csv
2026-03-11 02:17:32,398 [INFO] processor - Columns found: ['timestamp', 'temperature', 'humidity', 'pressure', 'wind_speed']
2026-03-11 02:17:32,482 [INFO] processor - Loaded current baseline
2026-03-11 02:17:32,483 [INFO] processor - Updated baseline for temperature with 100 value(s)
2026-03-11 02:17:32,483 [INFO] processor - Updated baseline for humidity with 100 value(s)
2026-03-11 02:17:32,484 [INFO] processor - Updated baseline for pressure with 100 value(s)
2026-03-11 02:17:32,484 [INFO] processor - Updated baseline for wind_speed with 100 value(s)
2026-03-11 02:17:32,661 [INFO] processor - Anomaly detection completed successfully.
2026-03-11 02:17:32,730 [INFO] processor - Saved updated baseline
2026-03-11 02:17:32,760 [INFO] processor - Uploaded log file to s3://bkf4cy-ds5220-dp1-330468108744-us-east-1/logs/app.log
2026-03-11 02:17:32,803 [INFO] processor - Wrote JSON summary to s3://bkf4cy-ds5220-dp1-330468108744-us-east-1/processed/sensors_20260311T021731_summary.json
2026-03-11 02:17:32,803 [INFO] processor - Finished processing raw/sensors_20260311T021731.csv: 5/100 anomalies flagged
2026-03-11 02:18:32,814 [INFO] app - Received request at /notify
2026-03-11 02:18:32,815 [INFO] app - Received S3 file event for key: raw/sensors_20260311T021831.csv
2026-03-11 02:18:32,815 [INFO] app - Queue file for processing: raw/sensors_20260311T021831.csv
2026-03-11 02:18:32,816 [INFO] processor - Starting processing for s3://bkf4cy-ds5220-dp1-330468108744-us-east-1/raw/sensors_20260311T021831.csv
2026-03-11 02:18:32,902 [INFO] processor - Loaded 100 rows from raw/sensors_20260311T021831.csv
2026-03-11 02:18:32,903 [INFO] processor - Columns found: ['timestamp', 'temperature', 'humidity', 'pressure', 'wind_speed']
2026-03-11 02:18:33,002 [INFO] processor - Loaded current baseline
2026-03-11 02:18:33,002 [INFO] processor - Updated baseline for temperature with 100 value(s)
2026-03-11 02:18:33,003 [INFO] processor - Updated baseline for humidity with 100 value(s)
2026-03-11 02:18:33,003 [INFO] processor - Updated baseline for pressure with 100 value(s)
2026-03-11 02:18:33,004 [INFO] processor - Updated baseline for wind_speed with 100 value(s)
2026-03-11 02:18:33,179 [INFO] processor - Anomaly detection completed successfully.
2026-03-11 02:18:33,292 [INFO] processor - Saved updated baseline
2026-03-11 02:18:33,331 [INFO] processor - Uploaded log file to s3://bkf4cy-ds5220-dp1-330468108744-us-east-1/logs/app.log
2026-03-11 02:18:33,366 [INFO] processor - Wrote JSON summary to s3://bkf4cy-ds5220-dp1-330468108744-us-east-1/processed/sensors_20260311T021831_summary.json
2026-03-11 02:18:33,366 [INFO] processor - Finished processing raw/sensors_20260311T021831.csv: 6/100 anomalies flagged
2026-03-11 02:19:32,318 [INFO] app - Received request at /notify
2026-03-11 02:19:32,318 [INFO] app - Received S3 file event for key: raw/sensors_20260311T021931.csv
2026-03-11 02:19:32,318 [INFO] app - Queue file for processing: raw/sensors_20260311T021931.csv
2026-03-11 02:19:32,319 [INFO] processor - Starting processing for s3://bkf4cy-ds5220-dp1-330468108744-us-east-1/raw/sensors_20260311T021931.csv
2026-03-11 02:19:32,400 [INFO] processor - Loaded 100 rows from raw/sensors_20260311T021931.csv
2026-03-11 02:19:32,400 [INFO] processor - Columns found: ['timestamp', 'temperature', 'humidity', 'pressure', 'wind_speed']
2026-03-11 02:19:32,484 [INFO] processor - Loaded current baseline
2026-03-11 02:19:32,484 [INFO] processor - Updated baseline for temperature with 100 value(s)
2026-03-11 02:19:32,485 [INFO] processor - Updated baseline for humidity with 100 value(s)
2026-03-11 02:19:32,485 [INFO] processor - Updated baseline for pressure with 100 value(s)
2026-03-11 02:19:32,486 [INFO] processor - Updated baseline for wind_speed with 100 value(s)
2026-03-11 02:19:32,660 [INFO] processor - Anomaly detection completed successfully.
2026-03-11 02:19:32,727 [INFO] processor - Saved updated baseline
2026-03-11 02:19:32,769 [INFO] processor - Uploaded log file to s3://bkf4cy-ds5220-dp1-330468108744-us-east-1/logs/app.log
2026-03-11 02:19:32,804 [INFO] processor - Wrote JSON summary to s3://bkf4cy-ds5220-dp1-330468108744-us-east-1/processed/sensors_20260311T021931_summary.json
2026-03-11 02:19:32,804 [INFO] processor - Finished processing raw/sensors_20260311T021931.csv: 5/100 anomalies flagged
2026-03-11 02:20:32,728 [INFO] app - Received request at /notify
2026-03-11 02:20:32,728 [INFO] app - Received S3 file event for key: raw/sensors_20260311T022031.csv
2026-03-11 02:20:32,728 [INFO] app - Queue file for processing: raw/sensors_20260311T022031.csv
2026-03-11 02:20:32,730 [INFO] processor - Starting processing for s3://bkf4cy-ds5220-dp1-330468108744-us-east-1/raw/sensors_20260311T022031.csv
2026-03-11 02:20:32,822 [INFO] processor - Loaded 100 rows from raw/sensors_20260311T022031.csv
2026-03-11 02:20:32,822 [INFO] processor - Columns found: ['timestamp', 'temperature', 'humidity', 'pressure', 'wind_speed']
2026-03-11 02:20:32,899 [INFO] processor - Loaded current baseline
2026-03-11 02:20:32,900 [INFO] processor - Updated baseline for temperature with 100 value(s)
2026-03-11 02:20:32,900 [INFO] processor - Updated baseline for humidity with 100 value(s)
2026-03-11 02:20:32,901 [INFO] processor - Updated baseline for pressure with 100 value(s)
2026-03-11 02:20:32,901 [INFO] processor - Updated baseline for wind_speed with 100 value(s)
2026-03-11 02:20:33,078 [INFO] processor - Anomaly detection completed successfully.
2026-03-11 02:20:33,174 [INFO] processor - Saved updated baseline
2026-03-11 02:20:33,245 [INFO] processor - Uploaded log file to s3://bkf4cy-ds5220-dp1-330468108744-us-east-1/logs/app.log
2026-03-11 02:20:33,322 [INFO] processor - Wrote JSON summary to s3://bkf4cy-ds5220-dp1-330468108744-us-east-1/processed/sensors_20260311T022031_summary.json
2026-03-11 02:20:33,323 [INFO] processor - Finished processing raw/sensors_20260311T022031.csv: 6/100 anomalies flagged
2026-03-11 02:21:33,165 [INFO] app - Received request at /notify
2026-03-11 02:21:33,165 [INFO] app - Received S3 file event for key: raw/sensors_20260311T022131.csv
2026-03-11 02:21:33,165 [INFO] app - Queue file for processing: raw/sensors_20260311T022131.csv
2026-03-11 02:21:33,166 [INFO] processor - Starting processing for s3://bkf4cy-ds5220-dp1-330468108744-us-east-1/raw/sensors_20260311T022131.csv
2026-03-11 02:21:33,266 [INFO] processor - Loaded 100 rows from raw/sensors_20260311T022131.csv
2026-03-11 02:21:33,266 [INFO] processor - Columns found: ['timestamp', 'temperature', 'humidity', 'pressure', 'wind_speed']
2026-03-11 02:21:33,340 [INFO] processor - Loaded current baseline
2026-03-11 02:21:33,340 [INFO] processor - Updated baseline for temperature with 100 value(s)
2026-03-11 02:21:33,341 [INFO] processor - Updated baseline for humidity with 100 value(s)
2026-03-11 02:21:33,341 [INFO] processor - Updated baseline for pressure with 100 value(s)
2026-03-11 02:21:33,341 [INFO] processor - Updated baseline for wind_speed with 100 value(s)
2026-03-11 02:21:33,517 [INFO] processor - Anomaly detection completed successfully.
2026-03-11 02:21:33,591 [INFO] processor - Saved updated baseline
2026-03-11 02:21:33,621 [INFO] processor - Uploaded log file to s3://bkf4cy-ds5220-dp1-330468108744-us-east-1/logs/app.log
2026-03-11 02:21:33,662 [INFO] processor - Wrote JSON summary to s3://bkf4cy-ds5220-dp1-330468108744-us-east-1/processed/sensors_20260311T022131_summary.json
2026-03-11 02:21:33,663 [INFO] processor - Finished processing raw/sensors_20260311T022131.csv: 6/100 anomalies flagged
2026-03-11 02:22:32,964 [INFO] app - Received request at /notify
2026-03-11 02:22:32,964 [INFO] app - Received S3 file event for key: raw/sensors_20260311T022232.csv
2026-03-11 02:22:32,964 [INFO] app - Queue file for processing: raw/sensors_20260311T022232.csv
2026-03-11 02:22:32,966 [INFO] processor - Starting processing for s3://bkf4cy-ds5220-dp1-330468108744-us-east-1/raw/sensors_20260311T022232.csv
2026-03-11 02:22:33,038 [INFO] processor - Loaded 100 rows from raw/sensors_20260311T022232.csv
2026-03-11 02:22:33,038 [INFO] processor - Columns found: ['timestamp', 'temperature', 'humidity', 'pressure', 'wind_speed']
2026-03-11 02:22:33,122 [INFO] processor - Loaded current baseline
2026-03-11 02:22:33,123 [INFO] processor - Updated baseline for temperature with 100 value(s)
2026-03-11 02:22:33,123 [INFO] processor - Updated baseline for humidity with 100 value(s)
2026-03-11 02:22:33,123 [INFO] processor - Updated baseline for pressure with 100 value(s)
2026-03-11 02:22:33,124 [INFO] processor - Updated baseline for wind_speed with 100 value(s)
2026-03-11 02:22:33,301 [INFO] processor - Anomaly detection completed successfully.
2026-03-11 02:22:33,409 [INFO] processor - Saved updated baseline
2026-03-11 02:22:33,445 [INFO] processor - Uploaded log file to s3://bkf4cy-ds5220-dp1-330468108744-us-east-1/logs/app.log
2026-03-11 02:22:33,469 [INFO] processor - Wrote JSON summary to s3://bkf4cy-ds5220-dp1-330468108744-us-east-1/processed/sensors_20260311T022232_summary.json
2026-03-11 02:22:33,470 [INFO] processor - Finished processing raw/sensors_20260311T022232.csv: 6/100 anomalies flagged
2026-03-11 02:23:33,268 [INFO] app - Received request at /notify
2026-03-11 02:23:33,269 [INFO] app - Received S3 file event for key: raw/sensors_20260311T022332.csv
2026-03-11 02:23:33,269 [INFO] app - Queue file for processing: raw/sensors_20260311T022332.csv
2026-03-11 02:23:33,270 [INFO] processor - Starting processing for s3://bkf4cy-ds5220-dp1-330468108744-us-east-1/raw/sensors_20260311T022332.csv
2026-03-11 02:23:33,345 [INFO] processor - Loaded 100 rows from raw/sensors_20260311T022332.csv
2026-03-11 02:23:33,345 [INFO] processor - Columns found: ['timestamp', 'temperature', 'humidity', 'pressure', 'wind_speed']
2026-03-11 02:23:33,436 [INFO] processor - Loaded current baseline
2026-03-11 02:23:33,437 [INFO] processor - Updated baseline for temperature with 100 value(s)
2026-03-11 02:23:33,437 [INFO] processor - Updated baseline for humidity with 100 value(s)
2026-03-11 02:23:33,438 [INFO] processor - Updated baseline for pressure with 100 value(s)
2026-03-11 02:23:33,438 [INFO] processor - Updated baseline for wind_speed with 100 value(s)
2026-03-11 02:23:33,615 [INFO] processor - Anomaly detection completed successfully.
2026-03-11 02:23:33,683 [INFO] processor - Saved updated baseline
2026-03-11 02:23:33,714 [INFO] processor - Uploaded log file to s3://bkf4cy-ds5220-dp1-330468108744-us-east-1/logs/app.log
2026-03-11 02:23:33,744 [INFO] processor - Wrote JSON summary to s3://bkf4cy-ds5220-dp1-330468108744-us-east-1/processed/sensors_20260311T022332_summary.json
2026-03-11 02:23:33,745 [INFO] processor - Finished processing raw/sensors_20260311T022332.csv: 6/100 anomalies flagged
2026-03-11 02:24:32,889 [INFO] app - Received request at /notify
2026-03-11 02:24:32,889 [INFO] app - Received S3 file event for key: raw/sensors_20260311T022432.csv
2026-03-11 02:24:32,889 [INFO] app - Queue file for processing: raw/sensors_20260311T022432.csv
2026-03-11 02:24:32,891 [INFO] processor - Starting processing for s3://bkf4cy-ds5220-dp1-330468108744-us-east-1/raw/sensors_20260311T022432.csv
2026-03-11 02:24:32,970 [INFO] processor - Loaded 100 rows from raw/sensors_20260311T022432.csv
2026-03-11 02:24:32,970 [INFO] processor - Columns found: ['timestamp', 'temperature', 'humidity', 'pressure', 'wind_speed']
2026-03-11 02:24:33,046 [INFO] processor - Loaded current baseline
2026-03-11 02:24:33,047 [INFO] processor - Updated baseline for temperature with 100 value(s)
2026-03-11 02:24:33,047 [INFO] processor - Updated baseline for humidity with 100 value(s)
2026-03-11 02:24:33,048 [INFO] processor - Updated baseline for pressure with 100 value(s)
2026-03-11 02:24:33,048 [INFO] processor - Updated baseline for wind_speed with 100 value(s)
2026-03-11 02:24:33,224 [INFO] processor - Anomaly detection completed successfully.
2026-03-11 02:24:33,309 [INFO] processor - Saved updated baseline
2026-03-11 02:24:33,343 [INFO] processor - Uploaded log file to s3://bkf4cy-ds5220-dp1-330468108744-us-east-1/logs/app.log
2026-03-11 02:24:33,374 [INFO] processor - Wrote JSON summary to s3://bkf4cy-ds5220-dp1-330468108744-us-east-1/processed/sensors_20260311T022432_summary.json
2026-03-11 02:24:33,374 [INFO] processor - Finished processing raw/sensors_20260311T022432.csv: 6/100 anomalies flagged
2026-03-11 02:25:33,361 [INFO] app - Received request at /notify
2026-03-11 02:25:33,361 [INFO] app - Received S3 file event for key: raw/sensors_20260311T022532.csv
2026-03-11 02:25:33,361 [INFO] app - Queue file for processing: raw/sensors_20260311T022532.csv
2026-03-11 02:25:33,363 [INFO] processor - Starting processing for s3://bkf4cy-ds5220-dp1-330468108744-us-east-1/raw/sensors_20260311T022532.csv
2026-03-11 02:25:33,435 [INFO] processor - Loaded 100 rows from raw/sensors_20260311T022532.csv
2026-03-11 02:25:33,435 [INFO] processor - Columns found: ['timestamp', 'temperature', 'humidity', 'pressure', 'wind_speed']
2026-03-11 02:25:33,560 [INFO] processor - Loaded current baseline
2026-03-11 02:25:33,561 [INFO] processor - Updated baseline for temperature with 100 value(s)
2026-03-11 02:25:33,561 [INFO] processor - Updated baseline for humidity with 100 value(s)
2026-03-11 02:25:33,561 [INFO] processor - Updated baseline for pressure with 100 value(s)
2026-03-11 02:25:33,562 [INFO] processor - Updated baseline for wind_speed with 100 value(s)
2026-03-11 02:25:33,743 [INFO] processor - Anomaly detection completed successfully.
2026-03-11 02:25:33,813 [INFO] processor - Saved updated baseline
2026-03-11 02:25:33,845 [INFO] processor - Uploaded log file to s3://bkf4cy-ds5220-dp1-330468108744-us-east-1/logs/app.log
2026-03-11 02:25:33,874 [INFO] processor - Wrote JSON summary to s3://bkf4cy-ds5220-dp1-330468108744-us-east-1/processed/sensors_20260311T022532_summary.json
2026-03-11 02:25:33,874 [INFO] processor - Finished processing raw/sensors_20260311T022532.csv: 5/100 anomalies flagged
2026-03-11 02:26:33,134 [INFO] app - Received request at /notify
2026-03-11 02:26:33,134 [INFO] app - Received S3 file event for key: raw/sensors_20260311T022632.csv
2026-03-11 02:26:33,134 [INFO] app - Queue file for processing: raw/sensors_20260311T022632.csv
2026-03-11 02:26:33,136 [INFO] processor - Starting processing for s3://bkf4cy-ds5220-dp1-330468108744-us-east-1/raw/sensors_20260311T022632.csv
2026-03-11 02:26:33,211 [INFO] processor - Loaded 100 rows from raw/sensors_20260311T022632.csv
2026-03-11 02:26:33,211 [INFO] processor - Columns found: ['timestamp', 'temperature', 'humidity', 'pressure', 'wind_speed']
2026-03-11 02:26:33,290 [INFO] processor - Loaded current baseline
2026-03-11 02:26:33,291 [INFO] processor - Updated baseline for temperature with 100 value(s)
2026-03-11 02:26:33,291 [INFO] processor - Updated baseline for humidity with 100 value(s)
2026-03-11 02:26:33,292 [INFO] processor - Updated baseline for pressure with 100 value(s)
2026-03-11 02:26:33,292 [INFO] processor - Updated baseline for wind_speed with 100 value(s)
2026-03-11 02:26:33,468 [INFO] processor - Anomaly detection completed successfully.
2026-03-11 02:26:33,534 [INFO] processor - Saved updated baseline
2026-03-11 02:26:33,566 [INFO] processor - Uploaded log file to s3://bkf4cy-ds5220-dp1-330468108744-us-east-1/logs/app.log
2026-03-11 02:26:33,599 [INFO] processor - Wrote JSON summary to s3://bkf4cy-ds5220-dp1-330468108744-us-east-1/processed/sensors_20260311T022632_summary.json
2026-03-11 02:26:33,600 [INFO] processor - Finished processing raw/sensors_20260311T022632.csv: 5/100 anomalies flagged
2026-03-11 02:27:33,234 [INFO] app - Received request at /notify
2026-03-11 02:27:33,235 [INFO] app - Received S3 file event for key: raw/sensors_20260311T022732.csv
2026-03-11 02:27:33,235 [INFO] app - Queue file for processing: raw/sensors_20260311T022732.csv
2026-03-11 02:27:33,236 [INFO] processor - Starting processing for s3://bkf4cy-ds5220-dp1-330468108744-us-east-1/raw/sensors_20260311T022732.csv
2026-03-11 02:27:33,313 [INFO] processor - Loaded 100 rows from raw/sensors_20260311T022732.csv
2026-03-11 02:27:33,313 [INFO] processor - Columns found: ['timestamp', 'temperature', 'humidity', 'pressure', 'wind_speed']
2026-03-11 02:27:33,400 [INFO] processor - Loaded current baseline
2026-03-11 02:27:33,401 [INFO] processor - Updated baseline for temperature with 100 value(s)
2026-03-11 02:27:33,401 [INFO] processor - Updated baseline for humidity with 100 value(s)
2026-03-11 02:27:33,402 [INFO] processor - Updated baseline for pressure with 100 value(s)
2026-03-11 02:27:33,402 [INFO] processor - Updated baseline for wind_speed with 100 value(s)
2026-03-11 02:27:33,579 [INFO] processor - Anomaly detection completed successfully.
2026-03-11 02:27:33,642 [INFO] processor - Saved updated baseline
2026-03-11 02:27:33,672 [INFO] processor - Uploaded log file to s3://bkf4cy-ds5220-dp1-330468108744-us-east-1/logs/app.log
2026-03-11 02:27:33,699 [INFO] processor - Wrote JSON summary to s3://bkf4cy-ds5220-dp1-330468108744-us-east-1/processed/sensors_20260311T022732_summary.json
2026-03-11 02:27:33,700 [INFO] processor - Finished processing raw/sensors_20260311T022732.csv: 6/100 anomalies flagged
2026-03-11 02:28:33,707 [INFO] app - Received request at /notify
2026-03-11 02:28:33,708 [INFO] app - Received S3 file event for key: raw/sensors_20260311T022832.csv
2026-03-11 02:28:33,708 [INFO] app - Queue file for processing: raw/sensors_20260311T022832.csv
2026-03-11 02:28:33,709 [INFO] processor - Starting processing for s3://bkf4cy-ds5220-dp1-330468108744-us-east-1/raw/sensors_20260311T022832.csv
2026-03-11 02:28:33,784 [INFO] processor - Loaded 100 rows from raw/sensors_20260311T022832.csv
2026-03-11 02:28:33,784 [INFO] processor - Columns found: ['timestamp', 'temperature', 'humidity', 'pressure', 'wind_speed']
2026-03-11 02:28:33,891 [INFO] processor - Loaded current baseline
2026-03-11 02:28:33,892 [INFO] processor - Updated baseline for temperature with 100 value(s)
2026-03-11 02:28:33,892 [INFO] processor - Updated baseline for humidity with 100 value(s)
2026-03-11 02:28:33,893 [INFO] processor - Updated baseline for pressure with 100 value(s)
2026-03-11 02:28:33,893 [INFO] processor - Updated baseline for wind_speed with 100 value(s)
2026-03-11 02:28:34,067 [INFO] processor - Anomaly detection completed successfully.
2026-03-11 02:28:34,137 [INFO] processor - Saved updated baseline
2026-03-11 02:28:34,184 [INFO] processor - Uploaded log file to s3://bkf4cy-ds5220-dp1-330468108744-us-east-1/logs/app.log
2026-03-11 02:28:34,217 [INFO] processor - Wrote JSON summary to s3://bkf4cy-ds5220-dp1-330468108744-us-east-1/processed/sensors_20260311T022832_summary.json
2026-03-11 02:28:34,217 [INFO] processor - Finished processing raw/sensors_20260311T022832.csv: 6/100 anomalies flagged
2026-03-11 02:29:33,389 [INFO] app - Received request at /notify
2026-03-11 02:29:33,389 [INFO] app - Received S3 file event for key: raw/sensors_20260311T022932.csv
2026-03-11 02:29:33,389 [INFO] app - Queue file for processing: raw/sensors_20260311T022932.csv
2026-03-11 02:29:33,391 [INFO] processor - Starting processing for s3://bkf4cy-ds5220-dp1-330468108744-us-east-1/raw/sensors_20260311T022932.csv
2026-03-11 02:29:33,468 [INFO] processor - Loaded 100 rows from raw/sensors_20260311T022932.csv
2026-03-11 02:29:33,468 [INFO] processor - Columns found: ['timestamp', 'temperature', 'humidity', 'pressure', 'wind_speed']
2026-03-11 02:29:33,562 [INFO] processor - Loaded current baseline
2026-03-11 02:29:33,562 [INFO] processor - Updated baseline for temperature with 100 value(s)
2026-03-11 02:29:33,563 [INFO] processor - Updated baseline for humidity with 100 value(s)
2026-03-11 02:29:33,563 [INFO] processor - Updated baseline for pressure with 100 value(s)
2026-03-11 02:29:33,563 [INFO] processor - Updated baseline for wind_speed with 100 value(s)
2026-03-11 02:29:33,738 [INFO] processor - Anomaly detection completed successfully.
2026-03-11 02:29:33,804 [INFO] processor - Saved updated baseline
2026-03-11 02:29:33,855 [INFO] processor - Uploaded log file to s3://bkf4cy-ds5220-dp1-330468108744-us-east-1/logs/app.log
2026-03-11 02:29:33,900 [INFO] processor - Wrote JSON summary to s3://bkf4cy-ds5220-dp1-330468108744-us-east-1/processed/sensors_20260311T022932_summary.json
2026-03-11 02:29:33,900 [INFO] processor - Finished processing raw/sensors_20260311T022932.csv: 5/100 anomalies flagged
2026-03-11 02:30:34,031 [INFO] app - Received request at /notify
2026-03-11 02:30:34,032 [INFO] app - Received S3 file event for key: raw/sensors_20260311T023032.csv
2026-03-11 02:30:34,032 [INFO] app - Queue file for processing: raw/sensors_20260311T023032.csv
2026-03-11 02:30:34,033 [INFO] processor - Starting processing for s3://bkf4cy-ds5220-dp1-330468108744-us-east-1/raw/sensors_20260311T023032.csv
2026-03-11 02:30:34,107 [INFO] processor - Loaded 100 rows from raw/sensors_20260311T023032.csv
2026-03-11 02:30:34,107 [INFO] processor - Columns found: ['timestamp', 'temperature', 'humidity', 'pressure', 'wind_speed']
2026-03-11 02:30:34,186 [INFO] processor - Loaded current baseline
2026-03-11 02:30:34,187 [INFO] processor - Updated baseline for temperature with 100 value(s)
2026-03-11 02:30:34,187 [INFO] processor - Updated baseline for humidity with 100 value(s)
2026-03-11 02:30:34,188 [INFO] processor - Updated baseline for pressure with 100 value(s)
2026-03-11 02:30:34,188 [INFO] processor - Updated baseline for wind_speed with 100 value(s)
2026-03-11 02:30:34,363 [INFO] processor - Anomaly detection completed successfully.
2026-03-11 02:30:34,445 [INFO] processor - Saved updated baseline
2026-03-11 02:30:34,474 [INFO] processor - Uploaded log file to s3://bkf4cy-ds5220-dp1-330468108744-us-east-1/logs/app.log
2026-03-11 02:30:34,501 [INFO] processor - Wrote JSON summary to s3://bkf4cy-ds5220-dp1-330468108744-us-east-1/processed/sensors_20260311T023032_summary.json
2026-03-11 02:30:34,502 [INFO] processor - Finished processing raw/sensors_20260311T023032.csv: 6/100 anomalies flagged
2026-03-11 02:31:33,554 [INFO] app - Received request at /notify
2026-03-11 02:31:33,554 [INFO] app - Received S3 file event for key: raw/sensors_20260311T023132.csv
2026-03-11 02:31:33,554 [INFO] app - Queue file for processing: raw/sensors_20260311T023132.csv
2026-03-11 02:31:33,556 [INFO] processor - Starting processing for s3://bkf4cy-ds5220-dp1-330468108744-us-east-1/raw/sensors_20260311T023132.csv
2026-03-11 02:31:33,637 [INFO] processor - Loaded 100 rows from raw/sensors_20260311T023132.csv
2026-03-11 02:31:33,637 [INFO] processor - Columns found: ['timestamp', 'temperature', 'humidity', 'pressure', 'wind_speed']
2026-03-11 02:31:33,713 [INFO] processor - Loaded current baseline
2026-03-11 02:31:33,714 [INFO] processor - Updated baseline for temperature with 100 value(s)
2026-03-11 02:31:33,715 [INFO] processor - Updated baseline for humidity with 100 value(s)
2026-03-11 02:31:33,715 [INFO] processor - Updated baseline for pressure with 100 value(s)
2026-03-11 02:31:33,715 [INFO] processor - Updated baseline for wind_speed with 100 value(s)
2026-03-11 02:31:33,891 [INFO] processor - Anomaly detection completed successfully.
2026-03-11 02:31:33,953 [INFO] processor - Saved updated baseline
2026-03-11 02:31:33,986 [INFO] processor - Uploaded log file to s3://bkf4cy-ds5220-dp1-330468108744-us-east-1/logs/app.log
2026-03-11 02:31:34,014 [INFO] processor - Wrote JSON summary to s3://bkf4cy-ds5220-dp1-330468108744-us-east-1/processed/sensors_20260311T023132_summary.json
2026-03-11 02:31:34,014 [INFO] processor - Finished processing raw/sensors_20260311T023132.csv: 7/100 anomalies flagged
2026-03-11 02:32:33,917 [INFO] app - Received request at /notify
2026-03-11 02:32:33,918 [INFO] app - Received S3 file event for key: raw/sensors_20260311T023232.csv
2026-03-11 02:32:33,918 [INFO] app - Queue file for processing: raw/sensors_20260311T023232.csv
2026-03-11 02:32:33,919 [INFO] processor - Starting processing for s3://bkf4cy-ds5220-dp1-330468108744-us-east-1/raw/sensors_20260311T023232.csv
2026-03-11 02:32:33,989 [INFO] processor - Loaded 100 rows from raw/sensors_20260311T023232.csv
2026-03-11 02:32:33,990 [INFO] processor - Columns found: ['timestamp', 'temperature', 'humidity', 'pressure', 'wind_speed']
2026-03-11 02:32:34,065 [INFO] processor - Loaded current baseline
2026-03-11 02:32:34,065 [INFO] processor - Updated baseline for temperature with 100 value(s)
2026-03-11 02:32:34,066 [INFO] processor - Updated baseline for humidity with 100 value(s)
2026-03-11 02:32:34,066 [INFO] processor - Updated baseline for pressure with 100 value(s)
2026-03-11 02:32:34,067 [INFO] processor - Updated baseline for wind_speed with 100 value(s)
2026-03-11 02:32:34,245 [INFO] processor - Anomaly detection completed successfully.
2026-03-11 02:32:34,309 [INFO] processor - Saved updated baseline
2026-03-11 02:32:34,334 [INFO] processor - Uploaded log file to s3://bkf4cy-ds5220-dp1-330468108744-us-east-1/logs/app.log
2026-03-11 02:32:34,359 [INFO] processor - Wrote JSON summary to s3://bkf4cy-ds5220-dp1-330468108744-us-east-1/processed/sensors_20260311T023232_summary.json
2026-03-11 02:32:34,359 [INFO] processor - Finished processing raw/sensors_20260311T023232.csv: 5/100 anomalies flagged
2026-03-11 02:33:33,537 [INFO] app - Received request at /notify
2026-03-11 02:33:33,537 [INFO] app - Received S3 file event for key: raw/sensors_20260311T023333.csv
2026-03-11 02:33:33,537 [INFO] app - Queue file for processing: raw/sensors_20260311T023333.csv
2026-03-11 02:33:33,539 [INFO] processor - Starting processing for s3://bkf4cy-ds5220-dp1-330468108744-us-east-1/raw/sensors_20260311T023333.csv
2026-03-11 02:33:33,614 [INFO] processor - Loaded 100 rows from raw/sensors_20260311T023333.csv
2026-03-11 02:33:33,614 [INFO] processor - Columns found: ['timestamp', 'temperature', 'humidity', 'pressure', 'wind_speed']
2026-03-11 02:33:33,724 [INFO] processor - Loaded current baseline
2026-03-11 02:33:33,725 [INFO] processor - Updated baseline for temperature with 100 value(s)
2026-03-11 02:33:33,725 [INFO] processor - Updated baseline for humidity with 100 value(s)
2026-03-11 02:33:33,726 [INFO] processor - Updated baseline for pressure with 100 value(s)
2026-03-11 02:33:33,726 [INFO] processor - Updated baseline for wind_speed with 100 value(s)
2026-03-11 02:33:33,901 [INFO] processor - Anomaly detection completed successfully.
2026-03-11 02:33:34,023 [INFO] processor - Saved updated baseline
2026-03-11 02:33:34,058 [INFO] processor - Uploaded log file to s3://bkf4cy-ds5220-dp1-330468108744-us-east-1/logs/app.log
2026-03-11 02:33:34,089 [INFO] processor - Wrote JSON summary to s3://bkf4cy-ds5220-dp1-330468108744-us-east-1/processed/sensors_20260311T023333_summary.json
2026-03-11 02:33:34,089 [INFO] processor - Finished processing raw/sensors_20260311T023333.csv: 5/100 anomalies flagged
2026-03-11 02:34:34,026 [INFO] app - Received request at /notify
2026-03-11 02:34:34,026 [INFO] app - Received S3 file event for key: raw/sensors_20260311T023433.csv
2026-03-11 02:34:34,026 [INFO] app - Queue file for processing: raw/sensors_20260311T023433.csv
2026-03-11 02:34:34,028 [INFO] processor - Starting processing for s3://bkf4cy-ds5220-dp1-330468108744-us-east-1/raw/sensors_20260311T023433.csv
2026-03-11 02:34:34,100 [INFO] processor - Loaded 100 rows from raw/sensors_20260311T023433.csv
2026-03-11 02:34:34,101 [INFO] processor - Columns found: ['timestamp', 'temperature', 'humidity', 'pressure', 'wind_speed']
2026-03-11 02:34:34,173 [INFO] processor - Loaded current baseline
2026-03-11 02:34:34,174 [INFO] processor - Updated baseline for temperature with 100 value(s)
2026-03-11 02:34:34,174 [INFO] processor - Updated baseline for humidity with 100 value(s)
2026-03-11 02:34:34,175 [INFO] processor - Updated baseline for pressure with 100 value(s)
2026-03-11 02:34:34,175 [INFO] processor - Updated baseline for wind_speed with 100 value(s)
2026-03-11 02:34:34,349 [INFO] processor - Anomaly detection completed successfully.
2026-03-11 02:34:34,413 [INFO] processor - Saved updated baseline
2026-03-11 02:34:34,450 [INFO] processor - Uploaded log file to s3://bkf4cy-ds5220-dp1-330468108744-us-east-1/logs/app.log
2026-03-11 02:34:34,483 [INFO] processor - Wrote JSON summary to s3://bkf4cy-ds5220-dp1-330468108744-us-east-1/processed/sensors_20260311T023433_summary.json
2026-03-11 02:34:34,483 [INFO] processor - Finished processing raw/sensors_20260311T023433.csv: 6/100 anomalies flagged
2026-03-11 02:35:34,408 [INFO] app - Received request at /notify
2026-03-11 02:35:34,408 [INFO] app - Received S3 file event for key: raw/sensors_20260311T023533.csv
2026-03-11 02:35:34,408 [INFO] app - Queue file for processing: raw/sensors_20260311T023533.csv
2026-03-11 02:35:34,409 [INFO] processor - Starting processing for s3://bkf4cy-ds5220-dp1-330468108744-us-east-1/raw/sensors_20260311T023533.csv
2026-03-11 02:35:34,483 [INFO] processor - Loaded 100 rows from raw/sensors_20260311T023533.csv
2026-03-11 02:35:34,483 [INFO] processor - Columns found: ['timestamp', 'temperature', 'humidity', 'pressure', 'wind_speed']
2026-03-11 02:35:34,553 [INFO] processor - Loaded current baseline
2026-03-11 02:35:34,553 [INFO] processor - Updated baseline for temperature with 100 value(s)
2026-03-11 02:35:34,554 [INFO] processor - Updated baseline for humidity with 100 value(s)
2026-03-11 02:35:34,554 [INFO] processor - Updated baseline for pressure with 100 value(s)
2026-03-11 02:35:34,555 [INFO] processor - Updated baseline for wind_speed with 100 value(s)
2026-03-11 02:35:34,729 [INFO] processor - Anomaly detection completed successfully.
2026-03-11 02:35:34,792 [INFO] processor - Saved updated baseline
2026-03-11 02:35:34,846 [INFO] processor - Uploaded log file to s3://bkf4cy-ds5220-dp1-330468108744-us-east-1/logs/app.log
2026-03-11 02:35:34,875 [INFO] processor - Wrote JSON summary to s3://bkf4cy-ds5220-dp1-330468108744-us-east-1/processed/sensors_20260311T023533_summary.json
2026-03-11 02:35:34,875 [INFO] processor - Finished processing raw/sensors_20260311T023533.csv: 5/100 anomalies flagged
2026-03-11 02:36:33,978 [INFO] app - Received request at /notify
2026-03-11 02:36:33,978 [INFO] app - Received S3 file event for key: raw/sensors_20260311T023633.csv
2026-03-11 02:36:33,978 [INFO] app - Queue file for processing: raw/sensors_20260311T023633.csv
2026-03-11 02:36:33,980 [INFO] processor - Starting processing for s3://bkf4cy-ds5220-dp1-330468108744-us-east-1/raw/sensors_20260311T023633.csv
2026-03-11 02:36:34,059 [INFO] processor - Loaded 100 rows from raw/sensors_20260311T023633.csv
2026-03-11 02:36:34,060 [INFO] processor - Columns found: ['timestamp', 'temperature', 'humidity', 'pressure', 'wind_speed']
2026-03-11 02:36:34,125 [INFO] processor - Loaded current baseline
2026-03-11 02:36:34,126 [INFO] processor - Updated baseline for temperature with 100 value(s)
2026-03-11 02:36:34,126 [INFO] processor - Updated baseline for humidity with 100 value(s)
2026-03-11 02:36:34,127 [INFO] processor - Updated baseline for pressure with 100 value(s)
2026-03-11 02:36:34,127 [INFO] processor - Updated baseline for wind_speed with 100 value(s)
2026-03-11 02:36:34,302 [INFO] processor - Anomaly detection completed successfully.
2026-03-11 02:36:34,378 [INFO] processor - Saved updated baseline
2026-03-11 02:36:34,422 [INFO] processor - Uploaded log file to s3://bkf4cy-ds5220-dp1-330468108744-us-east-1/logs/app.log
2026-03-11 02:36:34,452 [INFO] processor - Wrote JSON summary to s3://bkf4cy-ds5220-dp1-330468108744-us-east-1/processed/sensors_20260311T023633_summary.json
2026-03-11 02:36:34,452 [INFO] processor - Finished processing raw/sensors_20260311T023633.csv: 5/100 anomalies flagged
2026-03-11 02:37:34,382 [INFO] app - Received request at /notify
2026-03-11 02:37:34,382 [INFO] app - Received S3 file event for key: raw/sensors_20260311T023733.csv
2026-03-11 02:37:34,383 [INFO] app - Queue file for processing: raw/sensors_20260311T023733.csv
2026-03-11 02:37:34,384 [INFO] processor - Starting processing for s3://bkf4cy-ds5220-dp1-330468108744-us-east-1/raw/sensors_20260311T023733.csv
2026-03-11 02:37:34,458 [INFO] processor - Loaded 100 rows from raw/sensors_20260311T023733.csv
2026-03-11 02:37:34,458 [INFO] processor - Columns found: ['timestamp', 'temperature', 'humidity', 'pressure', 'wind_speed']
2026-03-11 02:37:34,614 [INFO] processor - Loaded current baseline
2026-03-11 02:37:34,614 [INFO] processor - Updated baseline for temperature with 100 value(s)
2026-03-11 02:37:34,615 [INFO] processor - Updated baseline for humidity with 100 value(s)
2026-03-11 02:37:34,615 [INFO] processor - Updated baseline for pressure with 100 value(s)
2026-03-11 02:37:34,615 [INFO] processor - Updated baseline for wind_speed with 100 value(s)
2026-03-11 02:37:34,791 [INFO] processor - Anomaly detection completed successfully.
2026-03-11 02:37:34,847 [INFO] processor - Saved updated baseline
2026-03-11 02:37:34,896 [INFO] processor - Uploaded log file to s3://bkf4cy-ds5220-dp1-330468108744-us-east-1/logs/app.log
2026-03-11 02:37:34,924 [INFO] processor - Wrote JSON summary to s3://bkf4cy-ds5220-dp1-330468108744-us-east-1/processed/sensors_20260311T023733_summary.json
2026-03-11 02:37:34,925 [INFO] processor - Finished processing raw/sensors_20260311T023733.csv: 7/100 anomalies flagged
2026-03-11 02:38:34,045 [INFO] app - Received request at /notify
2026-03-11 02:38:34,045 [INFO] app - Received S3 file event for key: raw/sensors_20260311T023833.csv
2026-03-11 02:38:34,045 [INFO] app - Queue file for processing: raw/sensors_20260311T023833.csv
2026-03-11 02:38:34,047 [INFO] processor - Starting processing for s3://bkf4cy-ds5220-dp1-330468108744-us-east-1/raw/sensors_20260311T023833.csv
2026-03-11 02:38:34,119 [INFO] processor - Loaded 100 rows from raw/sensors_20260311T023833.csv
2026-03-11 02:38:34,119 [INFO] processor - Columns found: ['timestamp', 'temperature', 'humidity', 'pressure', 'wind_speed']
2026-03-11 02:38:34,193 [INFO] processor - Loaded current baseline
2026-03-11 02:38:34,194 [INFO] processor - Updated baseline for temperature with 100 value(s)
2026-03-11 02:38:34,194 [INFO] processor - Updated baseline for humidity with 100 value(s)
2026-03-11 02:38:34,194 [INFO] processor - Updated baseline for pressure with 100 value(s)
2026-03-11 02:38:34,195 [INFO] processor - Updated baseline for wind_speed with 100 value(s)
2026-03-11 02:38:34,372 [INFO] processor - Anomaly detection completed successfully.
2026-03-11 02:38:34,448 [INFO] processor - Saved updated baseline
2026-03-11 02:38:34,481 [INFO] processor - Uploaded log file to s3://bkf4cy-ds5220-dp1-330468108744-us-east-1/logs/app.log
2026-03-11 02:38:34,511 [INFO] processor - Wrote JSON summary to s3://bkf4cy-ds5220-dp1-330468108744-us-east-1/processed/sensors_20260311T023833_summary.json
2026-03-11 02:38:34,511 [INFO] processor - Finished processing raw/sensors_20260311T023833.csv: 6/100 anomalies flagged
2026-03-11 02:39:34,371 [INFO] app - Received request at /notify
2026-03-11 02:39:34,372 [INFO] app - Received S3 file event for key: raw/sensors_20260311T023933.csv
2026-03-11 02:39:34,372 [INFO] app - Queue file for processing: raw/sensors_20260311T023933.csv
2026-03-11 02:39:34,373 [INFO] processor - Starting processing for s3://bkf4cy-ds5220-dp1-330468108744-us-east-1/raw/sensors_20260311T023933.csv
2026-03-11 02:39:34,448 [INFO] processor - Loaded 100 rows from raw/sensors_20260311T023933.csv
2026-03-11 02:39:34,448 [INFO] processor - Columns found: ['timestamp', 'temperature', 'humidity', 'pressure', 'wind_speed']
2026-03-11 02:39:34,519 [INFO] processor - Loaded current baseline
2026-03-11 02:39:34,519 [INFO] processor - Updated baseline for temperature with 100 value(s)
2026-03-11 02:39:34,520 [INFO] processor - Updated baseline for humidity with 100 value(s)
2026-03-11 02:39:34,520 [INFO] processor - Updated baseline for pressure with 100 value(s)
2026-03-11 02:39:34,521 [INFO] processor - Updated baseline for wind_speed with 100 value(s)
2026-03-11 02:39:34,695 [INFO] processor - Anomaly detection completed successfully.
2026-03-11 02:39:34,758 [INFO] processor - Saved updated baseline
2026-03-11 02:39:34,791 [INFO] processor - Uploaded log file to s3://bkf4cy-ds5220-dp1-330468108744-us-east-1/logs/app.log
2026-03-11 02:39:34,821 [INFO] processor - Wrote JSON summary to s3://bkf4cy-ds5220-dp1-330468108744-us-east-1/processed/sensors_20260311T023933_summary.json
2026-03-11 02:39:34,821 [INFO] processor - Finished processing raw/sensors_20260311T023933.csv: 5/100 anomalies flagged
2026-03-11 02:40:34,860 [INFO] app - Received request at /notify
2026-03-11 02:40:34,860 [INFO] app - Received S3 file event for key: raw/sensors_20260311T024033.csv
2026-03-11 02:40:34,860 [INFO] app - Queue file for processing: raw/sensors_20260311T024033.csv
2026-03-11 02:40:34,861 [INFO] processor - Starting processing for s3://bkf4cy-ds5220-dp1-330468108744-us-east-1/raw/sensors_20260311T024033.csv
2026-03-11 02:40:34,932 [INFO] processor - Loaded 100 rows from raw/sensors_20260311T024033.csv
2026-03-11 02:40:34,932 [INFO] processor - Columns found: ['timestamp', 'temperature', 'humidity', 'pressure', 'wind_speed']
2026-03-11 02:40:35,011 [INFO] processor - Loaded current baseline
2026-03-11 02:40:35,012 [INFO] processor - Updated baseline for temperature with 100 value(s)
2026-03-11 02:40:35,013 [INFO] processor - Updated baseline for humidity with 100 value(s)
2026-03-11 02:40:35,013 [INFO] processor - Updated baseline for pressure with 100 value(s)
2026-03-11 02:40:35,013 [INFO] processor - Updated baseline for wind_speed with 100 value(s)
2026-03-11 02:40:35,189 [INFO] processor - Anomaly detection completed successfully.
2026-03-11 02:40:35,291 [INFO] processor - Saved updated baseline
2026-03-11 02:40:35,382 [INFO] processor - Uploaded log file to s3://bkf4cy-ds5220-dp1-330468108744-us-east-1/logs/app.log
2026-03-11 02:40:35,409 [INFO] processor - Wrote JSON summary to s3://bkf4cy-ds5220-dp1-330468108744-us-east-1/processed/sensors_20260311T024033_summary.json
2026-03-11 02:40:35,409 [INFO] processor - Finished processing raw/sensors_20260311T024033.csv: 7/100 anomalies flagged
2026-03-11 02:41:34,664 [INFO] app - Received request at /notify
2026-03-11 02:41:34,664 [INFO] app - Received S3 file event for key: raw/sensors_20260311T024133.csv
2026-03-11 02:41:34,664 [INFO] app - Queue file for processing: raw/sensors_20260311T024133.csv
2026-03-11 02:41:34,666 [INFO] processor - Starting processing for s3://bkf4cy-ds5220-dp1-330468108744-us-east-1/raw/sensors_20260311T024133.csv
2026-03-11 02:41:34,736 [INFO] processor - Loaded 100 rows from raw/sensors_20260311T024133.csv
2026-03-11 02:41:34,737 [INFO] processor - Columns found: ['timestamp', 'temperature', 'humidity', 'pressure', 'wind_speed']
2026-03-11 02:41:34,808 [INFO] processor - Loaded current baseline
2026-03-11 02:41:34,809 [INFO] processor - Updated baseline for temperature with 100 value(s)
2026-03-11 02:41:34,809 [INFO] processor - Updated baseline for humidity with 100 value(s)
2026-03-11 02:41:34,810 [INFO] processor - Updated baseline for pressure with 100 value(s)
2026-03-11 02:41:34,810 [INFO] processor - Updated baseline for wind_speed with 100 value(s)
2026-03-11 02:41:34,985 [INFO] processor - Anomaly detection completed successfully.
2026-03-11 02:41:35,053 [INFO] processor - Saved updated baseline
2026-03-11 02:41:35,088 [INFO] processor - Uploaded log file to s3://bkf4cy-ds5220-dp1-330468108744-us-east-1/logs/app.log
2026-03-11 02:41:35,118 [INFO] processor - Wrote JSON summary to s3://bkf4cy-ds5220-dp1-330468108744-us-east-1/processed/sensors_20260311T024133_summary.json
2026-03-11 02:41:35,118 [INFO] processor - Finished processing raw/sensors_20260311T024133.csv: 6/100 anomalies flagged
2026-03-11 02:42:35,009 [INFO] app - Received request at /notify
2026-03-11 02:42:35,009 [INFO] app - Received S3 file event for key: raw/sensors_20260311T024233.csv
2026-03-11 02:42:35,009 [INFO] app - Queue file for processing: raw/sensors_20260311T024233.csv
2026-03-11 02:42:35,010 [INFO] processor - Starting processing for s3://bkf4cy-ds5220-dp1-330468108744-us-east-1/raw/sensors_20260311T024233.csv
2026-03-11 02:42:35,087 [INFO] processor - Loaded 100 rows from raw/sensors_20260311T024233.csv
2026-03-11 02:42:35,087 [INFO] processor - Columns found: ['timestamp', 'temperature', 'humidity', 'pressure', 'wind_speed']
2026-03-11 02:42:35,158 [INFO] processor - Loaded current baseline
2026-03-11 02:42:35,159 [INFO] processor - Updated baseline for temperature with 100 value(s)
2026-03-11 02:42:35,159 [INFO] processor - Updated baseline for humidity with 100 value(s)
2026-03-11 02:42:35,160 [INFO] processor - Updated baseline for pressure with 100 value(s)
2026-03-11 02:42:35,160 [INFO] processor - Updated baseline for wind_speed with 100 value(s)
2026-03-11 02:42:35,339 [INFO] processor - Anomaly detection completed successfully.
2026-03-11 02:42:35,403 [INFO] processor - Saved updated baseline
2026-03-11 02:42:35,436 [INFO] processor - Uploaded log file to s3://bkf4cy-ds5220-dp1-330468108744-us-east-1/logs/app.log
2026-03-11 02:42:35,465 [INFO] processor - Wrote JSON summary to s3://bkf4cy-ds5220-dp1-330468108744-us-east-1/processed/sensors_20260311T024233_summary.json
2026-03-11 02:42:35,465 [INFO] processor - Finished processing raw/sensors_20260311T024233.csv: 7/100 anomalies flagged
2026-03-11 02:43:34,771 [INFO] app - Received request at /notify
2026-03-11 02:43:34,771 [INFO] app - Received S3 file event for key: raw/sensors_20260311T024333.csv
2026-03-11 02:43:34,771 [INFO] app - Queue file for processing: raw/sensors_20260311T024333.csv
2026-03-11 02:43:34,772 [INFO] processor - Starting processing for s3://bkf4cy-ds5220-dp1-330468108744-us-east-1/raw/sensors_20260311T024333.csv
2026-03-11 02:43:34,894 [INFO] processor - Loaded 100 rows from raw/sensors_20260311T024333.csv
2026-03-11 02:43:34,894 [INFO] processor - Columns found: ['timestamp', 'temperature', 'humidity', 'pressure', 'wind_speed']
2026-03-11 02:43:35,043 [INFO] processor - Loaded current baseline
2026-03-11 02:43:35,044 [INFO] processor - Updated baseline for temperature with 100 value(s)
2026-03-11 02:43:35,044 [INFO] processor - Updated baseline for humidity with 100 value(s)
2026-03-11 02:43:35,044 [INFO] processor - Updated baseline for pressure with 100 value(s)
2026-03-11 02:43:35,045 [INFO] processor - Updated baseline for wind_speed with 100 value(s)
2026-03-11 02:43:35,220 [INFO] processor - Anomaly detection completed successfully.
2026-03-11 02:43:35,291 [INFO] processor - Saved updated baseline
2026-03-11 02:43:35,327 [INFO] processor - Uploaded log file to s3://bkf4cy-ds5220-dp1-330468108744-us-east-1/logs/app.log
2026-03-11 02:43:35,361 [INFO] processor - Wrote JSON summary to s3://bkf4cy-ds5220-dp1-330468108744-us-east-1/processed/sensors_20260311T024333_summary.json
2026-03-11 02:43:35,361 [INFO] processor - Finished processing raw/sensors_20260311T024333.csv: 5/100 anomalies flagged
2026-03-11 02:44:35,156 [INFO] app - Received request at /notify
2026-03-11 02:44:35,156 [INFO] app - Received S3 file event for key: raw/sensors_20260311T024434.csv
2026-03-11 02:44:35,156 [INFO] app - Queue file for processing: raw/sensors_20260311T024434.csv
2026-03-11 02:44:35,157 [INFO] processor - Starting processing for s3://bkf4cy-ds5220-dp1-330468108744-us-east-1/raw/sensors_20260311T024434.csv
2026-03-11 02:44:35,245 [INFO] processor - Loaded 100 rows from raw/sensors_20260311T024434.csv
2026-03-11 02:44:35,246 [INFO] processor - Columns found: ['timestamp', 'temperature', 'humidity', 'pressure', 'wind_speed']
2026-03-11 02:44:35,327 [INFO] processor - Loaded current baseline
2026-03-11 02:44:35,328 [INFO] processor - Updated baseline for temperature with 100 value(s)
2026-03-11 02:44:35,328 [INFO] processor - Updated baseline for humidity with 100 value(s)
2026-03-11 02:44:35,328 [INFO] processor - Updated baseline for pressure with 100 value(s)
2026-03-11 02:44:35,329 [INFO] processor - Updated baseline for wind_speed with 100 value(s)
2026-03-11 02:44:35,506 [INFO] processor - Anomaly detection completed successfully.
2026-03-11 02:44:35,573 [INFO] processor - Saved updated baseline
2026-03-11 02:44:35,608 [INFO] processor - Uploaded log file to s3://bkf4cy-ds5220-dp1-330468108744-us-east-1/logs/app.log
2026-03-11 02:44:35,655 [INFO] processor - Wrote JSON summary to s3://bkf4cy-ds5220-dp1-330468108744-us-east-1/processed/sensors_20260311T024434_summary.json
2026-03-11 02:44:35,655 [INFO] processor - Finished processing raw/sensors_20260311T024434.csv: 5/100 anomalies flagged
2026-03-11 02:45:34,615 [INFO] app - Received request at /notify
2026-03-11 02:45:34,615 [INFO] app - Received S3 file event for key: raw/sensors_20260311T024534.csv
2026-03-11 02:45:34,615 [INFO] app - Queue file for processing: raw/sensors_20260311T024534.csv
2026-03-11 02:45:34,616 [INFO] processor - Starting processing for s3://bkf4cy-ds5220-dp1-330468108744-us-east-1/raw/sensors_20260311T024534.csv
2026-03-11 02:45:34,705 [INFO] processor - Loaded 100 rows from raw/sensors_20260311T024534.csv
2026-03-11 02:45:34,705 [INFO] processor - Columns found: ['timestamp', 'temperature', 'humidity', 'pressure', 'wind_speed']
2026-03-11 02:45:34,782 [INFO] processor - Loaded current baseline
2026-03-11 02:45:34,782 [INFO] processor - Updated baseline for temperature with 100 value(s)
2026-03-11 02:45:34,783 [INFO] processor - Updated baseline for humidity with 100 value(s)
2026-03-11 02:45:34,783 [INFO] processor - Updated baseline for pressure with 100 value(s)
2026-03-11 02:45:34,783 [INFO] processor - Updated baseline for wind_speed with 100 value(s)
2026-03-11 02:45:34,961 [INFO] processor - Anomaly detection completed successfully.
2026-03-11 02:45:35,022 [INFO] processor - Saved updated baseline
2026-03-11 02:45:35,056 [INFO] processor - Uploaded log file to s3://bkf4cy-ds5220-dp1-330468108744-us-east-1/logs/app.log
2026-03-11 02:45:35,096 [INFO] processor - Wrote JSON summary to s3://bkf4cy-ds5220-dp1-330468108744-us-east-1/processed/sensors_20260311T024534_summary.json
2026-03-11 02:45:35,097 [INFO] processor - Finished processing raw/sensors_20260311T024534.csv: 5/100 anomalies flagged
2026-03-11 02:46:35,185 [INFO] app - Received request at /notify
2026-03-11 02:46:35,186 [INFO] app - Received S3 file event for key: raw/sensors_20260311T024634.csv
2026-03-11 02:46:35,186 [INFO] app - Queue file for processing: raw/sensors_20260311T024634.csv
2026-03-11 02:46:35,187 [INFO] processor - Starting processing for s3://bkf4cy-ds5220-dp1-330468108744-us-east-1/raw/sensors_20260311T024634.csv
2026-03-11 02:46:35,264 [INFO] processor - Loaded 100 rows from raw/sensors_20260311T024634.csv
2026-03-11 02:46:35,264 [INFO] processor - Columns found: ['timestamp', 'temperature', 'humidity', 'pressure', 'wind_speed']
2026-03-11 02:46:35,352 [INFO] processor - Loaded current baseline
2026-03-11 02:46:35,352 [INFO] processor - Updated baseline for temperature with 100 value(s)
2026-03-11 02:46:35,353 [INFO] processor - Updated baseline for humidity with 100 value(s)
2026-03-11 02:46:35,353 [INFO] processor - Updated baseline for pressure with 100 value(s)
2026-03-11 02:46:35,353 [INFO] processor - Updated baseline for wind_speed with 100 value(s)
2026-03-11 02:46:35,530 [INFO] processor - Anomaly detection completed successfully.
2026-03-11 02:46:35,593 [INFO] processor - Saved updated baseline
2026-03-11 02:46:35,635 [INFO] processor - Uploaded log file to s3://bkf4cy-ds5220-dp1-330468108744-us-east-1/logs/app.log
2026-03-11 02:46:35,664 [INFO] processor - Wrote JSON summary to s3://bkf4cy-ds5220-dp1-330468108744-us-east-1/processed/sensors_20260311T024634_summary.json
2026-03-11 02:46:35,665 [INFO] processor - Finished processing raw/sensors_20260311T024634.csv: 5/100 anomalies flagged
2026-03-11 02:47:35,504 [INFO] app - Received request at /notify
2026-03-11 02:47:35,504 [INFO] app - Received S3 file event for key: raw/sensors_20260311T024734.csv
2026-03-11 02:47:35,504 [INFO] app - Queue file for processing: raw/sensors_20260311T024734.csv
2026-03-11 02:47:35,505 [INFO] processor - Starting processing for s3://bkf4cy-ds5220-dp1-330468108744-us-east-1/raw/sensors_20260311T024734.csv
2026-03-11 02:47:35,591 [INFO] processor - Loaded 100 rows from raw/sensors_20260311T024734.csv
2026-03-11 02:47:35,592 [INFO] processor - Columns found: ['timestamp', 'temperature', 'humidity', 'pressure', 'wind_speed']
2026-03-11 02:47:35,690 [INFO] processor - Loaded current baseline
2026-03-11 02:47:35,690 [INFO] processor - Updated baseline for temperature with 100 value(s)
2026-03-11 02:47:35,691 [INFO] processor - Updated baseline for humidity with 100 value(s)
2026-03-11 02:47:35,691 [INFO] processor - Updated baseline for pressure with 100 value(s)
2026-03-11 02:47:35,691 [INFO] processor - Updated baseline for wind_speed with 100 value(s)
2026-03-11 02:47:35,867 [INFO] processor - Anomaly detection completed successfully.
2026-03-11 02:47:35,927 [INFO] processor - Saved updated baseline
2026-03-11 02:47:35,968 [INFO] processor - Uploaded log file to s3://bkf4cy-ds5220-dp1-330468108744-us-east-1/logs/app.log
2026-03-11 02:47:35,996 [INFO] processor - Wrote JSON summary to s3://bkf4cy-ds5220-dp1-330468108744-us-east-1/processed/sensors_20260311T024734_summary.json
2026-03-11 02:47:35,996 [INFO] processor - Finished processing raw/sensors_20260311T024734.csv: 5/100 anomalies flagged
2026-03-11 02:48:35,147 [INFO] app - Received request at /notify
2026-03-11 02:48:35,147 [INFO] app - Received S3 file event for key: raw/sensors_20260311T024834.csv
2026-03-11 02:48:35,147 [INFO] app - Queue file for processing: raw/sensors_20260311T024834.csv
2026-03-11 02:48:35,148 [INFO] processor - Starting processing for s3://bkf4cy-ds5220-dp1-330468108744-us-east-1/raw/sensors_20260311T024834.csv
2026-03-11 02:48:35,217 [INFO] processor - Loaded 100 rows from raw/sensors_20260311T024834.csv
2026-03-11 02:48:35,217 [INFO] processor - Columns found: ['timestamp', 'temperature', 'humidity', 'pressure', 'wind_speed']
2026-03-11 02:48:35,290 [INFO] processor - Loaded current baseline
2026-03-11 02:48:35,291 [INFO] processor - Updated baseline for temperature with 100 value(s)
2026-03-11 02:48:35,291 [INFO] processor - Updated baseline for humidity with 100 value(s)
2026-03-11 02:48:35,291 [INFO] processor - Updated baseline for pressure with 100 value(s)
2026-03-11 02:48:35,292 [INFO] processor - Updated baseline for wind_speed with 100 value(s)
2026-03-11 02:48:35,468 [INFO] processor - Anomaly detection completed successfully.
2026-03-11 02:48:35,532 [INFO] processor - Saved updated baseline
2026-03-11 02:48:35,563 [INFO] processor - Uploaded log file to s3://bkf4cy-ds5220-dp1-330468108744-us-east-1/logs/app.log
2026-03-11 02:48:35,607 [INFO] processor - Wrote JSON summary to s3://bkf4cy-ds5220-dp1-330468108744-us-east-1/processed/sensors_20260311T024834_summary.json
2026-03-11 02:48:35,607 [INFO] processor - Finished processing raw/sensors_20260311T024834.csv: 5/100 anomalies flagged
2026-03-11 02:49:35,567 [INFO] app - Received request at /notify
2026-03-11 02:49:35,567 [INFO] app - Received S3 file event for key: raw/sensors_20260311T024934.csv
2026-03-11 02:49:35,567 [INFO] app - Queue file for processing: raw/sensors_20260311T024934.csv
2026-03-11 02:49:35,568 [INFO] processor - Starting processing for s3://bkf4cy-ds5220-dp1-330468108744-us-east-1/raw/sensors_20260311T024934.csv
2026-03-11 02:49:35,647 [INFO] processor - Loaded 100 rows from raw/sensors_20260311T024934.csv
2026-03-11 02:49:35,647 [INFO] processor - Columns found: ['timestamp', 'temperature', 'humidity', 'pressure', 'wind_speed']
2026-03-11 02:49:35,722 [INFO] processor - Loaded current baseline
2026-03-11 02:49:35,723 [INFO] processor - Updated baseline for temperature with 100 value(s)
2026-03-11 02:49:35,723 [INFO] processor - Updated baseline for humidity with 100 value(s)
2026-03-11 02:49:35,723 [INFO] processor - Updated baseline for pressure with 100 value(s)
2026-03-11 02:49:35,724 [INFO] processor - Updated baseline for wind_speed with 100 value(s)
2026-03-11 02:49:35,899 [INFO] processor - Anomaly detection completed successfully.
2026-03-11 02:49:35,964 [INFO] processor - Saved updated baseline
2026-03-11 02:49:36,008 [INFO] processor - Uploaded log file to s3://bkf4cy-ds5220-dp1-330468108744-us-east-1/logs/app.log
2026-03-11 02:49:36,041 [INFO] processor - Wrote JSON summary to s3://bkf4cy-ds5220-dp1-330468108744-us-east-1/processed/sensors_20260311T024934_summary.json
2026-03-11 02:49:36,041 [INFO] processor - Finished processing raw/sensors_20260311T024934.csv: 5/100 anomalies flagged
2026-03-11 02:50:35,260 [INFO] app - Received request at /notify
2026-03-11 02:50:35,261 [INFO] app - Received S3 file event for key: raw/sensors_20260311T025034.csv
2026-03-11 02:50:35,261 [INFO] app - Queue file for processing: raw/sensors_20260311T025034.csv
2026-03-11 02:50:35,262 [INFO] processor - Starting processing for s3://bkf4cy-ds5220-dp1-330468108744-us-east-1/raw/sensors_20260311T025034.csv
2026-03-11 02:50:35,349 [INFO] processor - Loaded 100 rows from raw/sensors_20260311T025034.csv
2026-03-11 02:50:35,350 [INFO] processor - Columns found: ['timestamp', 'temperature', 'humidity', 'pressure', 'wind_speed']
2026-03-11 02:50:35,420 [INFO] processor - Loaded current baseline
2026-03-11 02:50:35,420 [INFO] processor - Updated baseline for temperature with 100 value(s)
2026-03-11 02:50:35,421 [INFO] processor - Updated baseline for humidity with 100 value(s)
2026-03-11 02:50:35,421 [INFO] processor - Updated baseline for pressure with 100 value(s)
2026-03-11 02:50:35,422 [INFO] processor - Updated baseline for wind_speed with 100 value(s)
2026-03-11 02:50:35,599 [INFO] processor - Anomaly detection completed successfully.
2026-03-11 02:50:35,671 [INFO] processor - Saved updated baseline
2026-03-11 02:50:35,708 [INFO] processor - Uploaded log file to s3://bkf4cy-ds5220-dp1-330468108744-us-east-1/logs/app.log
2026-03-11 02:50:35,742 [INFO] processor - Wrote JSON summary to s3://bkf4cy-ds5220-dp1-330468108744-us-east-1/processed/sensors_20260311T025034_summary.json
2026-03-11 02:50:35,742 [INFO] processor - Finished processing raw/sensors_20260311T025034.csv: 5/100 anomalies flagged
2026-03-11 02:51:35,686 [INFO] app - Received request at /notify
2026-03-11 02:51:35,687 [INFO] app - Received S3 file event for key: raw/sensors_20260311T025134.csv
2026-03-11 02:51:35,687 [INFO] app - Queue file for processing: raw/sensors_20260311T025134.csv
2026-03-11 02:51:35,688 [INFO] processor - Starting processing for s3://bkf4cy-ds5220-dp1-330468108744-us-east-1/raw/sensors_20260311T025134.csv
2026-03-11 02:51:35,769 [INFO] processor - Loaded 100 rows from raw/sensors_20260311T025134.csv
2026-03-11 02:51:35,770 [INFO] processor - Columns found: ['timestamp', 'temperature', 'humidity', 'pressure', 'wind_speed']
2026-03-11 02:51:35,961 [INFO] processor - Loaded current baseline
2026-03-11 02:51:35,961 [INFO] processor - Updated baseline for temperature with 100 value(s)
2026-03-11 02:51:35,962 [INFO] processor - Updated baseline for humidity with 100 value(s)
2026-03-11 02:51:35,962 [INFO] processor - Updated baseline for pressure with 100 value(s)
2026-03-11 02:51:35,963 [INFO] processor - Updated baseline for wind_speed with 100 value(s)
2026-03-11 02:51:36,138 [INFO] processor - Anomaly detection completed successfully.
2026-03-11 02:51:36,267 [INFO] processor - Saved updated baseline
2026-03-11 02:51:36,325 [INFO] processor - Uploaded log file to s3://bkf4cy-ds5220-dp1-330468108744-us-east-1/logs/app.log
2026-03-11 02:51:36,356 [INFO] processor - Wrote JSON summary to s3://bkf4cy-ds5220-dp1-330468108744-us-east-1/processed/sensors_20260311T025134_summary.json
2026-03-11 02:51:36,356 [INFO] processor - Finished processing raw/sensors_20260311T025134.csv: 5/100 anomalies flagged
2026-03-11 02:52:35,245 [INFO] app - Received request at /notify
2026-03-11 02:52:35,245 [INFO] app - Received S3 file event for key: raw/sensors_20260311T025234.csv
2026-03-11 02:52:35,246 [INFO] app - Queue file for processing: raw/sensors_20260311T025234.csv
2026-03-11 02:52:35,247 [INFO] processor - Starting processing for s3://bkf4cy-ds5220-dp1-330468108744-us-east-1/raw/sensors_20260311T025234.csv
2026-03-11 02:52:35,327 [INFO] processor - Loaded 100 rows from raw/sensors_20260311T025234.csv
2026-03-11 02:52:35,327 [INFO] processor - Columns found: ['timestamp', 'temperature', 'humidity', 'pressure', 'wind_speed']
2026-03-11 02:52:35,421 [INFO] processor - Loaded current baseline
2026-03-11 02:52:35,422 [INFO] processor - Updated baseline for temperature with 100 value(s)
2026-03-11 02:52:35,422 [INFO] processor - Updated baseline for humidity with 100 value(s)
2026-03-11 02:52:35,423 [INFO] processor - Updated baseline for pressure with 100 value(s)
2026-03-11 02:52:35,423 [INFO] processor - Updated baseline for wind_speed with 100 value(s)
2026-03-11 02:52:35,600 [INFO] processor - Anomaly detection completed successfully.
2026-03-11 02:52:35,665 [INFO] processor - Saved updated baseline
2026-03-11 02:52:35,697 [INFO] processor - Uploaded log file to s3://bkf4cy-ds5220-dp1-330468108744-us-east-1/logs/app.log
2026-03-11 02:52:35,725 [INFO] processor - Wrote JSON summary to s3://bkf4cy-ds5220-dp1-330468108744-us-east-1/processed/sensors_20260311T025234_summary.json
2026-03-11 02:52:35,726 [INFO] processor - Finished processing raw/sensors_20260311T025234.csv: 6/100 anomalies flagged
2026-03-11 02:53:35,639 [INFO] app - Received request at /notify
2026-03-11 02:53:35,639 [INFO] app - Received S3 file event for key: raw/sensors_20260311T025334.csv
2026-03-11 02:53:35,639 [INFO] app - Queue file for processing: raw/sensors_20260311T025334.csv
2026-03-11 02:53:35,640 [INFO] processor - Starting processing for s3://bkf4cy-ds5220-dp1-330468108744-us-east-1/raw/sensors_20260311T025334.csv
2026-03-11 02:53:35,712 [INFO] processor - Loaded 100 rows from raw/sensors_20260311T025334.csv
2026-03-11 02:53:35,712 [INFO] processor - Columns found: ['timestamp', 'temperature', 'humidity', 'pressure', 'wind_speed']
2026-03-11 02:53:35,798 [INFO] processor - Loaded current baseline
2026-03-11 02:53:35,799 [INFO] processor - Updated baseline for temperature with 100 value(s)
2026-03-11 02:53:35,799 [INFO] processor - Updated baseline for humidity with 100 value(s)
2026-03-11 02:53:35,799 [INFO] processor - Updated baseline for pressure with 100 value(s)
2026-03-11 02:53:35,800 [INFO] processor - Updated baseline for wind_speed with 100 value(s)
2026-03-11 02:53:35,976 [INFO] processor - Anomaly detection completed successfully.
2026-03-11 02:53:36,031 [INFO] processor - Saved updated baseline
2026-03-11 02:53:36,061 [INFO] processor - Uploaded log file to s3://bkf4cy-ds5220-dp1-330468108744-us-east-1/logs/app.log
2026-03-11 02:53:36,090 [INFO] processor - Wrote JSON summary to s3://bkf4cy-ds5220-dp1-330468108744-us-east-1/processed/sensors_20260311T025334_summary.json
2026-03-11 02:53:36,090 [INFO] processor - Finished processing raw/sensors_20260311T025334.csv: 6/100 anomalies flagged
2026-03-11 02:54:36,085 [INFO] app - Received request at /notify
2026-03-11 02:54:36,085 [INFO] app - Received S3 file event for key: raw/sensors_20260311T025434.csv
2026-03-11 02:54:36,086 [INFO] app - Queue file for processing: raw/sensors_20260311T025434.csv
2026-03-11 02:54:36,087 [INFO] processor - Starting processing for s3://bkf4cy-ds5220-dp1-330468108744-us-east-1/raw/sensors_20260311T025434.csv
2026-03-11 02:54:36,159 [INFO] processor - Loaded 100 rows from raw/sensors_20260311T025434.csv
2026-03-11 02:54:36,160 [INFO] processor - Columns found: ['timestamp', 'temperature', 'humidity', 'pressure', 'wind_speed']
2026-03-11 02:54:36,242 [INFO] processor - Loaded current baseline
2026-03-11 02:54:36,243 [INFO] processor - Updated baseline for temperature with 100 value(s)
2026-03-11 02:54:36,244 [INFO] processor - Updated baseline for humidity with 100 value(s)
2026-03-11 02:54:36,244 [INFO] processor - Updated baseline for pressure with 100 value(s)
2026-03-11 02:54:36,244 [INFO] processor - Updated baseline for wind_speed with 100 value(s)
2026-03-11 02:54:36,420 [INFO] processor - Anomaly detection completed successfully.
2026-03-11 02:54:36,484 [INFO] processor - Saved updated baseline
2026-03-11 02:54:36,517 [INFO] processor - Uploaded log file to s3://bkf4cy-ds5220-dp1-330468108744-us-east-1/logs/app.log
2026-03-11 02:54:36,548 [INFO] processor - Wrote JSON summary to s3://bkf4cy-ds5220-dp1-330468108744-us-east-1/processed/sensors_20260311T025434_summary.json
2026-03-11 02:54:36,548 [INFO] processor - Finished processing raw/sensors_20260311T025434.csv: 5/100 anomalies flagged
2026-03-11 02:55:35,794 [INFO] app - Received request at /notify
2026-03-11 02:55:35,794 [INFO] app - Received S3 file event for key: raw/sensors_20260311T025534.csv
2026-03-11 02:55:35,794 [INFO] app - Queue file for processing: raw/sensors_20260311T025534.csv
2026-03-11 02:55:35,795 [INFO] processor - Starting processing for s3://bkf4cy-ds5220-dp1-330468108744-us-east-1/raw/sensors_20260311T025534.csv
2026-03-11 02:55:35,865 [INFO] processor - Loaded 100 rows from raw/sensors_20260311T025534.csv
2026-03-11 02:55:35,865 [INFO] processor - Columns found: ['timestamp', 'temperature', 'humidity', 'pressure', 'wind_speed']
2026-03-11 02:55:35,971 [INFO] processor - Loaded current baseline
2026-03-11 02:55:35,972 [INFO] processor - Updated baseline for temperature with 100 value(s)
2026-03-11 02:55:35,973 [INFO] processor - Updated baseline for humidity with 100 value(s)
2026-03-11 02:55:35,973 [INFO] processor - Updated baseline for pressure with 100 value(s)
2026-03-11 02:55:35,973 [INFO] processor - Updated baseline for wind_speed with 100 value(s)
2026-03-11 02:55:36,156 [INFO] processor - Anomaly detection completed successfully.
2026-03-11 02:55:36,216 [INFO] processor - Saved updated baseline
2026-03-11 02:55:36,248 [INFO] processor - Uploaded log file to s3://bkf4cy-ds5220-dp1-330468108744-us-east-1/logs/app.log
2026-03-11 02:55:36,278 [INFO] processor - Wrote JSON summary to s3://bkf4cy-ds5220-dp1-330468108744-us-east-1/processed/sensors_20260311T025534_summary.json
2026-03-11 02:55:36,279 [INFO] processor - Finished processing raw/sensors_20260311T025534.csv: 5/100 anomalies flagged
2026-03-11 02:56:36,343 [INFO] app - Received request at /notify
2026-03-11 02:56:36,343 [INFO] app - Received S3 file event for key: raw/sensors_20260311T025635.csv
2026-03-11 02:56:36,343 [INFO] app - Queue file for processing: raw/sensors_20260311T025635.csv
2026-03-11 02:56:36,344 [INFO] processor - Starting processing for s3://bkf4cy-ds5220-dp1-330468108744-us-east-1/raw/sensors_20260311T025635.csv
2026-03-11 02:56:36,419 [INFO] processor - Loaded 100 rows from raw/sensors_20260311T025635.csv
2026-03-11 02:56:36,419 [INFO] processor - Columns found: ['timestamp', 'temperature', 'humidity', 'pressure', 'wind_speed']
2026-03-11 02:56:36,560 [INFO] processor - Loaded current baseline
2026-03-11 02:56:36,561 [INFO] processor - Updated baseline for temperature with 100 value(s)
2026-03-11 02:56:36,561 [INFO] processor - Updated baseline for humidity with 100 value(s)
2026-03-11 02:56:36,562 [INFO] processor - Updated baseline for pressure with 100 value(s)
2026-03-11 02:56:36,562 [INFO] processor - Updated baseline for wind_speed with 100 value(s)
2026-03-11 02:56:36,738 [INFO] processor - Anomaly detection completed successfully.
2026-03-11 02:56:36,801 [INFO] processor - Saved updated baseline
2026-03-11 02:56:36,833 [INFO] processor - Uploaded log file to s3://bkf4cy-ds5220-dp1-330468108744-us-east-1/logs/app.log
2026-03-11 02:56:36,861 [INFO] processor - Wrote JSON summary to s3://bkf4cy-ds5220-dp1-330468108744-us-east-1/processed/sensors_20260311T025635_summary.json
2026-03-11 02:56:36,862 [INFO] processor - Finished processing raw/sensors_20260311T025635.csv: 6/100 anomalies flagged
2026-03-11 02:57:35,722 [INFO] app - Received request at /notify
2026-03-11 02:57:35,722 [INFO] app - Received S3 file event for key: raw/sensors_20260311T025735.csv
2026-03-11 02:57:35,722 [INFO] app - Queue file for processing: raw/sensors_20260311T025735.csv
2026-03-11 02:57:35,723 [INFO] processor - Starting processing for s3://bkf4cy-ds5220-dp1-330468108744-us-east-1/raw/sensors_20260311T025735.csv
2026-03-11 02:57:35,799 [INFO] processor - Loaded 100 rows from raw/sensors_20260311T025735.csv
2026-03-11 02:57:35,799 [INFO] processor - Columns found: ['timestamp', 'temperature', 'humidity', 'pressure', 'wind_speed']
2026-03-11 02:57:35,873 [INFO] processor - Loaded current baseline
2026-03-11 02:57:35,874 [INFO] processor - Updated baseline for temperature with 100 value(s)
2026-03-11 02:57:35,874 [INFO] processor - Updated baseline for humidity with 100 value(s)
2026-03-11 02:57:35,875 [INFO] processor - Updated baseline for pressure with 100 value(s)
2026-03-11 02:57:35,875 [INFO] processor - Updated baseline for wind_speed with 100 value(s)
2026-03-11 02:57:36,054 [INFO] processor - Anomaly detection completed successfully.
2026-03-11 02:57:36,129 [INFO] processor - Saved updated baseline
2026-03-11 02:57:36,166 [INFO] processor - Uploaded log file to s3://bkf4cy-ds5220-dp1-330468108744-us-east-1/logs/app.log
2026-03-11 02:57:36,198 [INFO] processor - Wrote JSON summary to s3://bkf4cy-ds5220-dp1-330468108744-us-east-1/processed/sensors_20260311T025735_summary.json
2026-03-11 02:57:36,198 [INFO] processor - Finished processing raw/sensors_20260311T025735.csv: 6/100 anomalies flagged
2026-03-11 03:02:52,634 [INFO] app - Received request at /notify
2026-03-11 03:02:52,634 [INFO] app - Received S3 file event for key: raw/sensors_20260311T030251.csv
2026-03-11 03:02:52,634 [INFO] app - Queue file for processing: raw/sensors_20260311T030251.csv
2026-03-11 03:02:52,635 [INFO] processor - Starting processing for s3://bkf4cy-ds5220-dp1-330468108744-us-east-1/raw/sensors_20260311T030251.csv
2026-03-11 03:02:52,708 [INFO] processor - Loaded 100 rows from raw/sensors_20260311T030251.csv
2026-03-11 03:02:52,708 [INFO] processor - Columns found: ['timestamp', 'temperature', 'humidity', 'pressure', 'wind_speed']
2026-03-11 03:02:52,795 [INFO] processor - Loaded current baseline
2026-03-11 03:02:52,796 [INFO] processor - Updated baseline for temperature with 100 value(s)
2026-03-11 03:02:52,796 [INFO] processor - Updated baseline for humidity with 100 value(s)
2026-03-11 03:02:52,796 [INFO] processor - Updated baseline for pressure with 100 value(s)
2026-03-11 03:02:52,797 [INFO] processor - Updated baseline for wind_speed with 100 value(s)
2026-03-11 03:02:52,973 [INFO] processor - Anomaly detection completed successfully.
2026-03-11 03:02:53,050 [INFO] processor - Saved updated baseline
2026-03-11 03:02:53,078 [INFO] processor - Uploaded log file to s3://bkf4cy-ds5220-dp1-330468108744-us-east-1/logs/app.log
2026-03-11 03:02:53,107 [INFO] processor - Wrote JSON summary to s3://bkf4cy-ds5220-dp1-330468108744-us-east-1/processed/sensors_20260311T030251_summary.json
2026-03-11 03:02:53,107 [INFO] processor - Finished processing raw/sensors_20260311T030251.csv: 5/100 anomalies flagged
2026-03-11 03:03:52,151 [INFO] app - Received request at /notify
2026-03-11 03:03:52,151 [INFO] app - Received S3 file event for key: raw/sensors_20260311T030351.csv
2026-03-11 03:03:52,151 [INFO] app - Queue file for processing: raw/sensors_20260311T030351.csv
2026-03-11 03:03:52,153 [INFO] processor - Starting processing for s3://bkf4cy-ds5220-dp1-330468108744-us-east-1/raw/sensors_20260311T030351.csv
2026-03-11 03:03:52,227 [INFO] processor - Loaded 100 rows from raw/sensors_20260311T030351.csv
2026-03-11 03:03:52,227 [INFO] processor - Columns found: ['timestamp', 'temperature', 'humidity', 'pressure', 'wind_speed']
2026-03-11 03:03:52,303 [INFO] processor - Loaded current baseline
2026-03-11 03:03:52,303 [INFO] processor - Updated baseline for temperature with 100 value(s)
2026-03-11 03:03:52,304 [INFO] processor - Updated baseline for humidity with 100 value(s)
2026-03-11 03:03:52,304 [INFO] processor - Updated baseline for pressure with 100 value(s)
2026-03-11 03:03:52,304 [INFO] processor - Updated baseline for wind_speed with 100 value(s)
2026-03-11 03:03:52,480 [INFO] processor - Anomaly detection completed successfully.
2026-03-11 03:03:52,543 [INFO] processor - Saved updated baseline
2026-03-11 03:03:52,597 [INFO] processor - Uploaded log file to s3://bkf4cy-ds5220-dp1-330468108744-us-east-1/logs/app.log
2026-03-11 03:03:52,624 [INFO] processor - Wrote JSON summary to s3://bkf4cy-ds5220-dp1-330468108744-us-east-1/processed/sensors_20260311T030351_summary.json
2026-03-11 03:03:52,624 [INFO] processor - Finished processing raw/sensors_20260311T030351.csv: 6/100 anomalies flagged
2026-03-11 03:04:52,722 [INFO] app - Received request at /notify
2026-03-11 03:04:52,722 [INFO] app - Received S3 file event for key: raw/sensors_20260311T030451.csv
2026-03-11 03:04:52,722 [INFO] app - Queue file for processing: raw/sensors_20260311T030451.csv
2026-03-11 03:04:52,724 [INFO] processor - Starting processing for s3://bkf4cy-ds5220-dp1-330468108744-us-east-1/raw/sensors_20260311T030451.csv
2026-03-11 03:04:52,797 [INFO] processor - Loaded 100 rows from raw/sensors_20260311T030451.csv
2026-03-11 03:04:52,797 [INFO] processor - Columns found: ['timestamp', 'temperature', 'humidity', 'pressure', 'wind_speed']
2026-03-11 03:04:52,867 [INFO] processor - Loaded current baseline
2026-03-11 03:04:52,868 [INFO] processor - Updated baseline for temperature with 100 value(s)
2026-03-11 03:04:52,869 [INFO] processor - Updated baseline for humidity with 100 value(s)
2026-03-11 03:04:52,869 [INFO] processor - Updated baseline for pressure with 100 value(s)
2026-03-11 03:04:52,869 [INFO] processor - Updated baseline for wind_speed with 100 value(s)
2026-03-11 03:04:53,045 [INFO] processor - Anomaly detection completed successfully.
2026-03-11 03:04:53,135 [INFO] processor - Saved updated baseline
2026-03-11 03:04:53,186 [INFO] processor - Uploaded log file to s3://bkf4cy-ds5220-dp1-330468108744-us-east-1/logs/app.log
2026-03-11 03:04:53,219 [INFO] processor - Wrote JSON summary to s3://bkf4cy-ds5220-dp1-330468108744-us-east-1/processed/sensors_20260311T030451_summary.json
2026-03-11 03:04:53,219 [INFO] processor - Finished processing raw/sensors_20260311T030451.csv: 6/100 anomalies flagged
2026-03-11 03:05:53,081 [INFO] app - Received request at /notify
2026-03-11 03:05:53,081 [INFO] app - Received S3 file event for key: raw/sensors_20260311T030551.csv
2026-03-11 03:05:53,081 [INFO] app - Queue file for processing: raw/sensors_20260311T030551.csv
2026-03-11 03:05:53,082 [INFO] processor - Starting processing for s3://bkf4cy-ds5220-dp1-330468108744-us-east-1/raw/sensors_20260311T030551.csv
2026-03-11 03:05:53,155 [INFO] processor - Loaded 100 rows from raw/sensors_20260311T030551.csv
2026-03-11 03:05:53,155 [INFO] processor - Columns found: ['timestamp', 'temperature', 'humidity', 'pressure', 'wind_speed']
2026-03-11 03:05:53,228 [INFO] processor - Loaded current baseline
2026-03-11 03:05:53,229 [INFO] processor - Updated baseline for temperature with 100 value(s)
2026-03-11 03:05:53,229 [INFO] processor - Updated baseline for humidity with 100 value(s)
2026-03-11 03:05:53,230 [INFO] processor - Updated baseline for pressure with 100 value(s)
2026-03-11 03:05:53,230 [INFO] processor - Updated baseline for wind_speed with 100 value(s)
2026-03-11 03:05:53,406 [INFO] processor - Anomaly detection completed successfully.
2026-03-11 03:05:53,468 [INFO] processor - Saved updated baseline
2026-03-11 03:05:53,525 [INFO] processor - Uploaded log file to s3://bkf4cy-ds5220-dp1-330468108744-us-east-1/logs/app.log
2026-03-11 03:05:53,557 [INFO] processor - Wrote JSON summary to s3://bkf4cy-ds5220-dp1-330468108744-us-east-1/processed/sensors_20260311T030551_summary.json
2026-03-11 03:05:53,557 [INFO] processor - Finished processing raw/sensors_20260311T030551.csv: 7/100 anomalies flagged
2026-03-11 03:06:52,540 [INFO] app - Received request at /notify
2026-03-11 03:06:52,540 [INFO] app - Received S3 file event for key: raw/sensors_20260311T030651.csv
2026-03-11 03:06:52,540 [INFO] app - Queue file for processing: raw/sensors_20260311T030651.csv
2026-03-11 03:06:52,541 [INFO] processor - Starting processing for s3://bkf4cy-ds5220-dp1-330468108744-us-east-1/raw/sensors_20260311T030651.csv
2026-03-11 03:06:52,632 [INFO] processor - Loaded 100 rows from raw/sensors_20260311T030651.csv
2026-03-11 03:06:52,633 [INFO] processor - Columns found: ['timestamp', 'temperature', 'humidity', 'pressure', 'wind_speed']
2026-03-11 03:06:52,706 [INFO] processor - Loaded current baseline
2026-03-11 03:06:52,707 [INFO] processor - Updated baseline for temperature with 100 value(s)
2026-03-11 03:06:52,707 [INFO] processor - Updated baseline for humidity with 100 value(s)
2026-03-11 03:06:52,707 [INFO] processor - Updated baseline for pressure with 100 value(s)
2026-03-11 03:06:52,708 [INFO] processor - Updated baseline for wind_speed with 100 value(s)
2026-03-11 03:06:52,883 [INFO] processor - Anomaly detection completed successfully.
2026-03-11 03:06:52,958 [INFO] processor - Saved updated baseline
2026-03-11 03:06:52,997 [INFO] processor - Uploaded log file to s3://bkf4cy-ds5220-dp1-330468108744-us-east-1/logs/app.log
2026-03-11 03:06:53,039 [INFO] processor - Wrote JSON summary to s3://bkf4cy-ds5220-dp1-330468108744-us-east-1/processed/sensors_20260311T030651_summary.json
2026-03-11 03:06:53,039 [INFO] processor - Finished processing raw/sensors_20260311T030651.csv: 5/100 anomalies flagged
2026-03-11 03:07:53,042 [INFO] app - Received request at /notify
2026-03-11 03:07:53,042 [INFO] app - Received S3 file event for key: raw/sensors_20260311T030751.csv
2026-03-11 03:07:53,042 [INFO] app - Queue file for processing: raw/sensors_20260311T030751.csv
2026-03-11 03:07:53,043 [INFO] processor - Starting processing for s3://bkf4cy-ds5220-dp1-330468108744-us-east-1/raw/sensors_20260311T030751.csv
2026-03-11 03:07:53,115 [INFO] processor - Loaded 100 rows from raw/sensors_20260311T030751.csv
2026-03-11 03:07:53,115 [INFO] processor - Columns found: ['timestamp', 'temperature', 'humidity', 'pressure', 'wind_speed']
2026-03-11 03:07:53,186 [INFO] processor - Loaded current baseline
2026-03-11 03:07:53,186 [INFO] processor - Updated baseline for temperature with 100 value(s)
2026-03-11 03:07:53,187 [INFO] processor - Updated baseline for humidity with 100 value(s)
2026-03-11 03:07:53,187 [INFO] processor - Updated baseline for pressure with 100 value(s)
2026-03-11 03:07:53,188 [INFO] processor - Updated baseline for wind_speed with 100 value(s)
2026-03-11 03:07:53,365 [INFO] processor - Anomaly detection completed successfully.
2026-03-11 03:07:53,462 [INFO] processor - Saved updated baseline
2026-03-11 03:07:53,513 [INFO] processor - Uploaded log file to s3://bkf4cy-ds5220-dp1-330468108744-us-east-1/logs/app.log
2026-03-11 03:07:53,544 [INFO] processor - Wrote JSON summary to s3://bkf4cy-ds5220-dp1-330468108744-us-east-1/processed/sensors_20260311T030751_summary.json
2026-03-11 03:07:53,544 [INFO] processor - Finished processing raw/sensors_20260311T030751.csv: 7/100 anomalies flagged
2026-03-11 03:08:53,033 [INFO] app - Received request at /notify
2026-03-11 03:08:53,033 [INFO] app - Received S3 file event for key: raw/sensors_20260311T030852.csv
2026-03-11 03:08:53,033 [INFO] app - Queue file for processing: raw/sensors_20260311T030852.csv
2026-03-11 03:08:53,035 [INFO] processor - Starting processing for s3://bkf4cy-ds5220-dp1-330468108744-us-east-1/raw/sensors_20260311T030852.csv
2026-03-11 03:08:53,112 [INFO] processor - Loaded 100 rows from raw/sensors_20260311T030852.csv
2026-03-11 03:08:53,112 [INFO] processor - Columns found: ['timestamp', 'temperature', 'humidity', 'pressure', 'wind_speed']
2026-03-11 03:08:53,181 [INFO] processor - Loaded current baseline
2026-03-11 03:08:53,181 [INFO] processor - Updated baseline for temperature with 100 value(s)
2026-03-11 03:08:53,182 [INFO] processor - Updated baseline for humidity with 100 value(s)
2026-03-11 03:08:53,182 [INFO] processor - Updated baseline for pressure with 100 value(s)
2026-03-11 03:08:53,183 [INFO] processor - Updated baseline for wind_speed with 100 value(s)
2026-03-11 03:08:53,360 [INFO] processor - Anomaly detection completed successfully.
2026-03-11 03:08:53,422 [INFO] processor - Saved updated baseline
2026-03-11 03:08:53,456 [INFO] processor - Uploaded log file to s3://bkf4cy-ds5220-dp1-330468108744-us-east-1/logs/app.log
2026-03-11 03:08:53,482 [INFO] processor - Wrote JSON summary to s3://bkf4cy-ds5220-dp1-330468108744-us-east-1/processed/sensors_20260311T030852_summary.json
2026-03-11 03:08:53,482 [INFO] processor - Finished processing raw/sensors_20260311T030852.csv: 6/100 anomalies flagged
2026-03-11 03:09:53,351 [INFO] app - Received request at /notify
2026-03-11 03:09:53,351 [INFO] app - Received S3 file event for key: raw/sensors_20260311T030952.csv
2026-03-11 03:09:53,351 [INFO] app - Queue file for processing: raw/sensors_20260311T030952.csv
2026-03-11 03:09:53,352 [INFO] processor - Starting processing for s3://bkf4cy-ds5220-dp1-330468108744-us-east-1/raw/sensors_20260311T030952.csv
2026-03-11 03:09:53,425 [INFO] processor - Loaded 100 rows from raw/sensors_20260311T030952.csv
2026-03-11 03:09:53,425 [INFO] processor - Columns found: ['timestamp', 'temperature', 'humidity', 'pressure', 'wind_speed']
2026-03-11 03:09:53,529 [INFO] processor - Loaded current baseline
2026-03-11 03:09:53,530 [INFO] processor - Updated baseline for temperature with 100 value(s)
2026-03-11 03:09:53,530 [INFO] processor - Updated baseline for humidity with 100 value(s)
2026-03-11 03:09:53,530 [INFO] processor - Updated baseline for pressure with 100 value(s)
2026-03-11 03:09:53,531 [INFO] processor - Updated baseline for wind_speed with 100 value(s)
2026-03-11 03:09:53,706 [INFO] processor - Anomaly detection completed successfully.
2026-03-11 03:09:53,807 [INFO] processor - Saved updated baseline
2026-03-11 03:09:53,840 [INFO] processor - Uploaded log file to s3://bkf4cy-ds5220-dp1-330468108744-us-east-1/logs/app.log
2026-03-11 03:09:53,869 [INFO] processor - Wrote JSON summary to s3://bkf4cy-ds5220-dp1-330468108744-us-east-1/processed/sensors_20260311T030952_summary.json
2026-03-11 03:09:53,869 [INFO] processor - Finished processing raw/sensors_20260311T030952.csv: 6/100 anomalies flagged
2026-03-11 03:10:52,803 [INFO] app - Received request at /notify
2026-03-11 03:10:52,804 [INFO] app - Received S3 file event for key: raw/sensors_20260311T031052.csv
2026-03-11 03:10:52,804 [INFO] app - Queue file for processing: raw/sensors_20260311T031052.csv
2026-03-11 03:10:52,805 [INFO] processor - Starting processing for s3://bkf4cy-ds5220-dp1-330468108744-us-east-1/raw/sensors_20260311T031052.csv
2026-03-11 03:10:52,883 [INFO] processor - Loaded 100 rows from raw/sensors_20260311T031052.csv
2026-03-11 03:10:52,883 [INFO] processor - Columns found: ['timestamp', 'temperature', 'humidity', 'pressure', 'wind_speed']
2026-03-11 03:10:52,966 [INFO] processor - Loaded current baseline
2026-03-11 03:10:52,966 [INFO] processor - Updated baseline for temperature with 100 value(s)
2026-03-11 03:10:52,967 [INFO] processor - Updated baseline for humidity with 100 value(s)
2026-03-11 03:10:52,967 [INFO] processor - Updated baseline for pressure with 100 value(s)
2026-03-11 03:10:52,967 [INFO] processor - Updated baseline for wind_speed with 100 value(s)
2026-03-11 03:10:53,143 [INFO] processor - Anomaly detection completed successfully.
2026-03-11 03:10:53,206 [INFO] processor - Saved updated baseline
2026-03-11 03:10:53,243 [INFO] processor - Uploaded log file to s3://bkf4cy-ds5220-dp1-330468108744-us-east-1/logs/app.log
2026-03-11 03:10:53,273 [INFO] processor - Wrote JSON summary to s3://bkf4cy-ds5220-dp1-330468108744-us-east-1/processed/sensors_20260311T031052_summary.json
2026-03-11 03:10:53,273 [INFO] processor - Finished processing raw/sensors_20260311T031052.csv: 7/100 anomalies flagged
2026-03-11 03:11:53,271 [INFO] app - Received request at /notify
2026-03-11 03:11:53,272 [INFO] app - Received S3 file event for key: raw/sensors_20260311T031152.csv
2026-03-11 03:11:53,272 [INFO] app - Queue file for processing: raw/sensors_20260311T031152.csv
2026-03-11 03:11:53,273 [INFO] processor - Starting processing for s3://bkf4cy-ds5220-dp1-330468108744-us-east-1/raw/sensors_20260311T031152.csv
2026-03-11 03:11:53,349 [INFO] processor - Loaded 100 rows from raw/sensors_20260311T031152.csv
2026-03-11 03:11:53,349 [INFO] processor - Columns found: ['timestamp', 'temperature', 'humidity', 'pressure', 'wind_speed']
2026-03-11 03:11:53,426 [INFO] processor - Loaded current baseline
2026-03-11 03:11:53,427 [INFO] processor - Updated baseline for temperature with 100 value(s)
2026-03-11 03:11:53,427 [INFO] processor - Updated baseline for humidity with 100 value(s)
2026-03-11 03:11:53,427 [INFO] processor - Updated baseline for pressure with 100 value(s)
2026-03-11 03:11:53,428 [INFO] processor - Updated baseline for wind_speed with 100 value(s)
2026-03-11 03:11:53,603 [INFO] processor - Anomaly detection completed successfully.
2026-03-11 03:11:53,703 [INFO] processor - Saved updated baseline
2026-03-11 03:11:53,736 [INFO] processor - Uploaded log file to s3://bkf4cy-ds5220-dp1-330468108744-us-east-1/logs/app.log
2026-03-11 03:11:53,770 [INFO] processor - Wrote JSON summary to s3://bkf4cy-ds5220-dp1-330468108744-us-east-1/processed/sensors_20260311T031152_summary.json
2026-03-11 03:11:53,770 [INFO] processor - Finished processing raw/sensors_20260311T031152.csv: 6/100 anomalies flagged
2026-03-11 03:12:53,034 [INFO] app - Received request at /notify
2026-03-11 03:12:53,034 [INFO] app - Received S3 file event for key: raw/sensors_20260311T031252.csv
2026-03-11 03:12:53,035 [INFO] app - Queue file for processing: raw/sensors_20260311T031252.csv
2026-03-11 03:12:53,036 [INFO] processor - Starting processing for s3://bkf4cy-ds5220-dp1-330468108744-us-east-1/raw/sensors_20260311T031252.csv
2026-03-11 03:12:53,137 [INFO] processor - Loaded 100 rows from raw/sensors_20260311T031252.csv
2026-03-11 03:12:53,137 [INFO] processor - Columns found: ['timestamp', 'temperature', 'humidity', 'pressure', 'wind_speed']
2026-03-11 03:12:53,211 [INFO] processor - Loaded current baseline
2026-03-11 03:12:53,212 [INFO] processor - Updated baseline for temperature with 100 value(s)
2026-03-11 03:12:53,213 [INFO] processor - Updated baseline for humidity with 100 value(s)
2026-03-11 03:12:53,213 [INFO] processor - Updated baseline for pressure with 100 value(s)
2026-03-11 03:12:53,213 [INFO] processor - Updated baseline for wind_speed with 100 value(s)
2026-03-11 03:12:53,388 [INFO] processor - Anomaly detection completed successfully.
2026-03-11 03:12:53,458 [INFO] processor - Saved updated baseline
2026-03-11 03:12:53,495 [INFO] processor - Uploaded log file to s3://bkf4cy-ds5220-dp1-330468108744-us-east-1/logs/app.log
2026-03-11 03:12:53,530 [INFO] processor - Wrote JSON summary to s3://bkf4cy-ds5220-dp1-330468108744-us-east-1/processed/sensors_20260311T031252_summary.json
2026-03-11 03:12:53,530 [INFO] processor - Finished processing raw/sensors_20260311T031252.csv: 6/100 anomalies flagged
2026-03-11 03:13:53,578 [INFO] app - Received request at /notify
2026-03-11 03:13:53,579 [INFO] app - Received S3 file event for key: raw/sensors_20260311T031352.csv
2026-03-11 03:13:53,579 [INFO] app - Queue file for processing: raw/sensors_20260311T031352.csv
2026-03-11 03:13:53,580 [INFO] processor - Starting processing for s3://bkf4cy-ds5220-dp1-330468108744-us-east-1/raw/sensors_20260311T031352.csv
2026-03-11 03:13:53,659 [INFO] processor - Loaded 100 rows from raw/sensors_20260311T031352.csv
2026-03-11 03:13:53,659 [INFO] processor - Columns found: ['timestamp', 'temperature', 'humidity', 'pressure', 'wind_speed']
2026-03-11 03:13:53,766 [INFO] processor - Loaded current baseline
2026-03-11 03:13:53,767 [INFO] processor - Updated baseline for temperature with 100 value(s)
2026-03-11 03:13:53,768 [INFO] processor - Updated baseline for humidity with 100 value(s)
2026-03-11 03:13:53,768 [INFO] processor - Updated baseline for pressure with 100 value(s)
2026-03-11 03:13:53,768 [INFO] processor - Updated baseline for wind_speed with 100 value(s)
2026-03-11 03:13:53,944 [INFO] processor - Anomaly detection completed successfully.
2026-03-11 03:13:54,008 [INFO] processor - Saved updated baseline
2026-03-11 03:13:54,042 [INFO] processor - Uploaded log file to s3://bkf4cy-ds5220-dp1-330468108744-us-east-1/logs/app.log
2026-03-11 03:13:54,074 [INFO] processor - Wrote JSON summary to s3://bkf4cy-ds5220-dp1-330468108744-us-east-1/processed/sensors_20260311T031352_summary.json
2026-03-11 03:13:54,074 [INFO] processor - Finished processing raw/sensors_20260311T031352.csv: 6/100 anomalies flagged
2026-03-11 03:14:53,150 [INFO] app - Received request at /notify
2026-03-11 03:14:53,150 [INFO] app - Received S3 file event for key: raw/sensors_20260311T031452.csv
2026-03-11 03:14:53,150 [INFO] app - Queue file for processing: raw/sensors_20260311T031452.csv
2026-03-11 03:14:53,151 [INFO] processor - Starting processing for s3://bkf4cy-ds5220-dp1-330468108744-us-east-1/raw/sensors_20260311T031452.csv
2026-03-11 03:14:53,225 [INFO] processor - Loaded 100 rows from raw/sensors_20260311T031452.csv
2026-03-11 03:14:53,225 [INFO] processor - Columns found: ['timestamp', 'temperature', 'humidity', 'pressure', 'wind_speed']
2026-03-11 03:14:53,336 [INFO] processor - Loaded current baseline
2026-03-11 03:14:53,337 [INFO] processor - Updated baseline for temperature with 100 value(s)
2026-03-11 03:14:53,337 [INFO] processor - Updated baseline for humidity with 100 value(s)
2026-03-11 03:14:53,338 [INFO] processor - Updated baseline for pressure with 100 value(s)
2026-03-11 03:14:53,338 [INFO] processor - Updated baseline for wind_speed with 100 value(s)
2026-03-11 03:14:53,521 [INFO] processor - Anomaly detection completed successfully.
2026-03-11 03:14:53,588 [INFO] processor - Saved updated baseline
2026-03-11 03:14:53,624 [INFO] processor - Uploaded log file to s3://bkf4cy-ds5220-dp1-330468108744-us-east-1/logs/app.log
2026-03-11 03:14:53,654 [INFO] processor - Wrote JSON summary to s3://bkf4cy-ds5220-dp1-330468108744-us-east-1/processed/sensors_20260311T031452_summary.json
2026-03-11 03:14:53,655 [INFO] processor - Finished processing raw/sensors_20260311T031452.csv: 5/100 anomalies flagged
2026-03-11 03:15:53,736 [INFO] app - Received request at /notify
2026-03-11 03:15:53,736 [INFO] app - Received S3 file event for key: raw/sensors_20260311T031552.csv
2026-03-11 03:15:53,736 [INFO] app - Queue file for processing: raw/sensors_20260311T031552.csv
2026-03-11 03:15:53,738 [INFO] processor - Starting processing for s3://bkf4cy-ds5220-dp1-330468108744-us-east-1/raw/sensors_20260311T031552.csv
2026-03-11 03:15:53,808 [INFO] processor - Loaded 100 rows from raw/sensors_20260311T031552.csv
2026-03-11 03:15:53,808 [INFO] processor - Columns found: ['timestamp', 'temperature', 'humidity', 'pressure', 'wind_speed']
2026-03-11 03:15:53,880 [INFO] processor - Loaded current baseline
2026-03-11 03:15:53,881 [INFO] processor - Updated baseline for temperature with 100 value(s)
2026-03-11 03:15:53,881 [INFO] processor - Updated baseline for humidity with 100 value(s)
2026-03-11 03:15:53,881 [INFO] processor - Updated baseline for pressure with 100 value(s)
2026-03-11 03:15:53,882 [INFO] processor - Updated baseline for wind_speed with 100 value(s)
2026-03-11 03:15:54,057 [INFO] processor - Anomaly detection completed successfully.
2026-03-11 03:15:54,117 [INFO] processor - Saved updated baseline
2026-03-11 03:15:54,249 [INFO] processor - Uploaded log file to s3://bkf4cy-ds5220-dp1-330468108744-us-east-1/logs/app.log
2026-03-11 03:15:54,279 [INFO] processor - Wrote JSON summary to s3://bkf4cy-ds5220-dp1-330468108744-us-east-1/processed/sensors_20260311T031552_summary.json
2026-03-11 03:15:54,279 [INFO] processor - Finished processing raw/sensors_20260311T031552.csv: 5/100 anomalies flagged
2026-03-11 03:18:35,741 [INFO] app - Received request at /notify
2026-03-11 03:18:35,741 [INFO] app - Received S3 file event for key: raw/sensors_20260311T031835.csv
2026-03-11 03:18:35,741 [INFO] app - Queue file for processing: raw/sensors_20260311T031835.csv
2026-03-11 03:18:35,742 [INFO] processor - Starting processing for s3://bkf4cy-ds5220-dp1-330468108744-us-east-1/raw/sensors_20260311T031835.csv
2026-03-11 03:18:35,816 [INFO] processor - Loaded 100 rows from raw/sensors_20260311T031835.csv
2026-03-11 03:18:35,817 [INFO] processor - Columns found: ['timestamp', 'temperature', 'humidity', 'pressure', 'wind_speed']
2026-03-11 03:18:35,919 [INFO] processor - Loaded current baseline
2026-03-11 03:18:35,920 [INFO] processor - Updated baseline for temperature with 100 value(s)
2026-03-11 03:18:35,920 [INFO] processor - Updated baseline for humidity with 100 value(s)
2026-03-11 03:18:35,921 [INFO] processor - Updated baseline for pressure with 100 value(s)
2026-03-11 03:18:35,921 [INFO] processor - Updated baseline for wind_speed with 100 value(s)
2026-03-11 03:18:36,098 [INFO] processor - Anomaly detection completed successfully.
2026-03-11 03:18:36,167 [INFO] processor - Saved updated baseline
2026-03-11 03:18:36,229 [INFO] processor - Uploaded log file to s3://bkf4cy-ds5220-dp1-330468108744-us-east-1/logs/app.log
2026-03-11 03:18:36,262 [INFO] processor - Wrote JSON summary to s3://bkf4cy-ds5220-dp1-330468108744-us-east-1/processed/sensors_20260311T031835_summary.json
2026-03-11 03:18:36,262 [INFO] processor - Finished processing raw/sensors_20260311T031835.csv: 5/100 anomalies flagged
2026-03-11 03:19:36,256 [INFO] app - Received request at /notify
2026-03-11 03:19:36,256 [INFO] app - Received S3 file event for key: raw/sensors_20260311T031935.csv
2026-03-11 03:19:36,258 [INFO] app - Queue file for processing: raw/sensors_20260311T031935.csv
2026-03-11 03:19:36,259 [INFO] processor - Starting processing for s3://bkf4cy-ds5220-dp1-330468108744-us-east-1/raw/sensors_20260311T031935.csv
2026-03-11 03:19:36,335 [INFO] processor - Loaded 100 rows from raw/sensors_20260311T031935.csv
2026-03-11 03:19:36,336 [INFO] processor - Columns found: ['timestamp', 'temperature', 'humidity', 'pressure', 'wind_speed']
2026-03-11 03:19:36,410 [INFO] processor - Loaded current baseline
2026-03-11 03:19:36,410 [INFO] processor - Updated baseline for temperature with 100 value(s)
2026-03-11 03:19:36,411 [INFO] processor - Updated baseline for humidity with 100 value(s)
2026-03-11 03:19:36,411 [INFO] processor - Updated baseline for pressure with 100 value(s)
2026-03-11 03:19:36,411 [INFO] processor - Updated baseline for wind_speed with 100 value(s)
2026-03-11 03:19:36,591 [INFO] processor - Anomaly detection completed successfully.
2026-03-11 03:19:36,656 [INFO] processor - Saved updated baseline
2026-03-11 03:19:36,743 [INFO] processor - Uploaded log file to s3://bkf4cy-ds5220-dp1-330468108744-us-east-1/logs/app.log
2026-03-11 03:19:36,779 [INFO] processor - Wrote JSON summary to s3://bkf4cy-ds5220-dp1-330468108744-us-east-1/processed/sensors_20260311T031935_summary.json
2026-03-11 03:19:36,779 [INFO] processor - Finished processing raw/sensors_20260311T031935.csv: 5/100 anomalies flagged
2026-03-11 03:20:36,161 [INFO] app - Received request at /notify
2026-03-11 03:20:36,161 [INFO] app - Received S3 file event for key: raw/sensors_20260311T032035.csv
2026-03-11 03:20:36,162 [INFO] app - Queue file for processing: raw/sensors_20260311T032035.csv
2026-03-11 03:20:36,163 [INFO] processor - Starting processing for s3://bkf4cy-ds5220-dp1-330468108744-us-east-1/raw/sensors_20260311T032035.csv
2026-03-11 03:20:36,257 [INFO] processor - Loaded 100 rows from raw/sensors_20260311T032035.csv
2026-03-11 03:20:36,258 [INFO] processor - Columns found: ['timestamp', 'temperature', 'humidity', 'pressure', 'wind_speed']
2026-03-11 03:20:36,334 [INFO] processor - Loaded current baseline
2026-03-11 03:20:36,335 [INFO] processor - Updated baseline for temperature with 100 value(s)
2026-03-11 03:20:36,335 [INFO] processor - Updated baseline for humidity with 100 value(s)
2026-03-11 03:20:36,336 [INFO] processor - Updated baseline for pressure with 100 value(s)
2026-03-11 03:20:36,336 [INFO] processor - Updated baseline for wind_speed with 100 value(s)
2026-03-11 03:20:36,512 [INFO] processor - Anomaly detection completed successfully.
2026-03-11 03:20:36,581 [INFO] processor - Saved updated baseline
2026-03-11 03:20:36,620 [INFO] processor - Uploaded log file to s3://bkf4cy-ds5220-dp1-330468108744-us-east-1/logs/app.log
2026-03-11 03:20:36,651 [INFO] processor - Wrote JSON summary to s3://bkf4cy-ds5220-dp1-330468108744-us-east-1/processed/sensors_20260311T032035_summary.json
2026-03-11 03:20:36,652 [INFO] processor - Finished processing raw/sensors_20260311T032035.csv: 5/100 anomalies flagged
2026-03-11 03:21:36,528 [INFO] app - Received request at /notify
2026-03-11 03:21:36,528 [INFO] app - Received S3 file event for key: raw/sensors_20260311T032135.csv
2026-03-11 03:21:36,528 [INFO] app - Queue file for processing: raw/sensors_20260311T032135.csv
2026-03-11 03:21:36,530 [INFO] processor - Starting processing for s3://bkf4cy-ds5220-dp1-330468108744-us-east-1/raw/sensors_20260311T032135.csv
2026-03-11 03:21:36,623 [INFO] processor - Loaded 100 rows from raw/sensors_20260311T032135.csv
2026-03-11 03:21:36,623 [INFO] processor - Columns found: ['timestamp', 'temperature', 'humidity', 'pressure', 'wind_speed']
2026-03-11 03:21:36,987 [INFO] processor - Loaded current baseline
2026-03-11 03:21:36,988 [INFO] processor - Updated baseline for temperature with 100 value(s)
2026-03-11 03:21:36,989 [INFO] processor - Updated baseline for humidity with 100 value(s)
2026-03-11 03:21:36,990 [INFO] processor - Updated baseline for pressure with 100 value(s)
2026-03-11 03:21:36,990 [INFO] processor - Updated baseline for wind_speed with 100 value(s)
2026-03-11 03:21:37,166 [INFO] processor - Anomaly detection completed successfully.
2026-03-11 03:21:37,274 [INFO] processor - Saved updated baseline
